ID;nome;profissao;idade
248;Abbey;Dentist;26
2915;Abdul;Chef Manager;21
2901;Abdul;Staffing Consultant;16
2747;Abdul;Retail Trainee;19
2620;Abdul;Pharmacist;30
2612;Abdul;Associate Professor;51
2502;Abdul;Mobile Developer;49
2144;Abdul;IT Support Staff;28
2102;Abdul;Treasurer;49
2083;Abdul;Banker;25
2045;Abdul;CNC Operator;27
1606;Abdul;Assistant Buyer;33
1575;Abdul;Ambulatory Nurse;65
1297;Abdul;Associate Professor;40
1151;Abdul;Service Supervisor;53
1149;Abdul;Stockbroker;55
1131;Abdul;Global Logistics Supervisor;51
521;Abdul;Bookkeeper;51
365;Abdul;Healthcare Specialist;13
115;Abdul;Front Desk Coordinator;21
2736;Ada;Service Supervisor;56
2398;Ada;Software Engineer;33
1752;Ada;Physician;52
1195;Ada;Cook;59
165;Ada;Staffing Consultant;19
2296;Adalie;Restaurant Manager;27
2089;Adalie;Designer;37
1826;Adalie;Investment  Advisor;32
731;Adalie;Fabricator;14
2905;Adalind;Webmaster;33
2351;Adalind;HR Specialist;64
2306;Adalind;Front Desk Coordinator;18
2004;Adalind;Retail Trainee;33
1873;Adalind;Business Broker;38
1202;Adalind;Physician;15
605;Adalind;Ambulatory Nurse;69
69;Adalind;Dentist;46
45;Adalind;Clerk;32
2121;Adela;IT Support Staff;59
1704;Adela;Pharmacist;39
1560;Adela;Steward;31
1324;Adela;Operator;34
1173;Adela;Restaurant Manager;44
717;Adela;Laboratory Technician;40
2177;Adelaide;Chef Manager;45
1350;Adelaide;Laboratory Technician;27
1147;Adelaide;Stockbroker;37
911;Adelaide;Fabricator;18
787;Adelaide;Front Desk Coordinator;62
542;Adelaide;CNC Operator;28
2252;Adeline;Service Supervisor;11
1180;Adeline;Cash Manager;34
104;Adeline;Insurance Broker;48
1932;Adina;Steward;18
1369;Adina;Healthcare Specialist;42
1291;Adina;Staffing Consultant;52
1101;Adina;Cook;33
920;Adina;Stockbroker;46
331;Adina;Treasurer;33
301;Aeris;Steward;61
2391;Agnes;Food Technologist;60
2353;Agnes;Restaurant Manager;12
1387;Agnes;Associate Professor;66
1373;Agnes;Laboratory Technician;66
822;Agnes;Biologist;30
791;Agnes;Fabricator;50
685;Agnes;Laboratory Technician;14
2658;Aiden;Designer;47
2600;Aiden;Designer;47
2589;Aiden;HR Coordinator;34
2525;Aiden;Bookkeeper;50
2457;Aiden;IT Support Staff;14
2327;Aiden;Assistant Buyer;20
2222;Aiden;Insurance Broker;50
2109;Aiden;Pharmacist;66
2017;Aiden;Ambulatory Nurse;31
941;Aiden;Food Technologist;46
600;Aiden;Assistant Buyer;14
307;Aiden;Executive Director;11
130;Aiden;Operator;41
128;Aiden;Project Manager;20
1670;Aileen;Budget Analyst;48
1482;Aileen;Chef Manager;13
1125;Aileen;Physician;63
602;Aileen;Global Logistics Supervisor;26
443;Aileen;Systems Administrator;60
405;Aileen;Production Painter;14
2691;Aisha;Executive Director;19
2286;Aisha;Electrician;16
2030;Aisha;Cashier;67
1869;Aisha;Insurance Broker;62
185;Aisha;Design Engineer;40
2400;Alan;Production Painter;35
2339;Alan;Laboratory Technician;14
2317;Alan;Budget Analyst;12
2272;Alan;Designer;20
1801;Alan;CNC Operator;35
1733;Alan;Staffing Consultant;18
1621;Alan;Accountant;59
1237;Alan;Budget Analyst;14
1156;Alan;Business Broker;24
1067;Alan;Associate Professor;37
949;Alan;Designer;31
669;Alan;Investment  Advisor;33
346;Alan;HR Coordinator;16
332;Alan;Software Engineer;30
1864;Alba;Paramedic;69
1564;Alba;Ambulatory Nurse;43
1538;Alba;Operator;37
1860;Aleksandra;Bookkeeper;21
1363;Aleksandra;Front Desk Coordinator;23
2492;Alessandra;IT Support Staff;25
1153;Alessandra;Pharmacist;51
942;Alessandra;Laboratory Technician;60
658;Alessandra;Dentist;33
208;Alessandra;Call Center Representative;23
1953;Alessia;Health Educator;56
1812;Alessia;Electrician;25
2999;Alex;Executive Director;26
1346;Alex;Bookkeeper;33
2752;Alexa;Machine Operator;24
1433;Alexa;Electrician;21
1396;Alexa;HR Specialist;23
2727;Alexander;Doctor;13
2722;Alexander;Ambulatory Nurse;51
2555;Alexander;Call Center Representative;49
2481;Alexander;Restaurant Manager;56
2319;Alexander;Business Broker;16
2053;Alexander;Inspector;21
1978;Alexander;Physician;50
1909;Alexander;Health Educator;68
1239;Alexander;Dentist;46
1124;Alexander;Business Broker;29
621;Alexander;Clerk;43
300;Alexia;Software Engineer;45
2788;Alice;Machine Operator;35
2012;Alice;Loan Officer;68
1368;Alice;Laboratory Technician;51
1021;Alice;Bellman;57
835;Alice;Retail Trainee;27
150;Alice;Staffing Consultant;62
2938;Alison;Doctor;69
1304;Alison;Executive Director;23
1249;Alison;Loan Officer;68
1193;Alison;Staffing Consultant;24
976;Alison;Physician;65
620;Alison;Investment  Advisor;59
486;Allison;HR Specialist;47
2843;Ally;Front Desk Coordinator;43
2426;Ally;Insurance Broker;57
601;Ally;Call Center Representative;17
454;Ally;Banker;32
193;Ally;Bellman;38
1957;Alma;HR Coordinator;31
1900;Alma;Treasurer;24
763;Alma;Accountant;25
436;Alma;Systems Administrator;13
66;Alma;Pharmacist;69
2711;Amelia;Audiologist;67
1787;Amelia;Bellman;56
567;Amelia;Bookkeeper;39
396;Amelia;Webmaster;49
54;Amelia;Project Manager;63
2473;Amy;Production Painter;54
878;Amy;Web Developer;22
111;Amy;Operator;37
2798;Anabel;Food Technologist;26
1469;Anabel;Front Desk Coordinator;28
1150;Anabel;Cash Manager;57
2627;Anabelle;CNC Operator;27
608;Anabelle;Associate Professor;36
2348;Anais;Cook;40
2225;Anais;Electrician;65
119;Anais;Associate Professor;34
1548;Andie;Retail Trainee;62
1375;Andie;Banker;63
963;Andie;Bellman;61
842;Andie;Cash Manager;16
467;Andie;Webmaster;30
250;Andie;Software Engineer;59
58;Andie;Project Manager;54
25;Andie;Global Logistics Supervisor;63
2449;Andrea;Retail Trainee;51
2407;Andrea;Assistant Buyer;32
83;Andrea;Design Engineer;66
1780;Angel;Inspector;10
1421;Angel;Front Desk Coordinator;33
562;Angel;Software Engineer;11
295;Angel;Assistant Buyer;25
98;Angel;Fabricator;56
1228;Angela;Auditor;50
880;Angela;HR Coordinator;10
432;Angela;Cook;20
2563;Angelica;HR Coordinator;60
2553;Angelica;Systems Administrator;17
196;Angelica;Bookkeeper;11
2995;Angelina;Physician;42
2569;Angelina;Restaurant Manager;36
1987;Angelina;HR Coordinator;17
1535;Angelina;Loan Officer;13
591;Angelina;Production Painter;43
1945;Angelique;Global Logistics Supervisor;61
1325;Angelique;Web Developer;64
1222;Angelique;Accountant;24
671;Angelique;HR Specialist;22
2484;Anne;Staffing Consultant;42
1683;Anne;Webmaster;45
820;Anne;Staffing Consultant;12
2670;Anthony;Designer;35
2303;Anthony;HR Coordinator;29
2229;Anthony;IT Support Staff;57
2178;Anthony;Laboratory Technician;27
1947;Anthony;Loan Officer;57
1918;Anthony;Doctor;23
1614;Anthony;Business Broker;52
1384;Anthony;Insurance Broker;31
1328;Anthony;Staffing Consultant;45
1032;Anthony;Loan Officer;28
848;Anthony;Biologist;54
573;Anthony;Electrician;12
499;Anthony;Staffing Consultant;27
373;Anthony;Physician;61
305;Anthony;Business Broker;60
151;Anthony;Systems Administrator;55
114;Anthony;Auditor;63
18;Anthony;Front Desk Coordinator;61
2232;Audrey;Inspector;20
906;Audrey;Bookkeeper;16
407;Audrey;Doctor;18
2005;Aurelia;Paramedic;65
1968;Aurelia;Cash Manager;11
1527;Aurelia;Investment  Advisor;52
1335;Aurelia;Machine Operator;14
1218;Aurelia;Banker;50
649;Aurelia;Design Engineer;60
350;Aurelia;Investment  Advisor;15
2865;Barney;Production Painter;36
2773;Barney;Webmaster;18
2733;Barney;Fabricator;64
2517;Barney;Treasurer;19
2338;Barney;Design Engineer;43
2153;Barney;Ambulatory Nurse;59
1973;Barney;Chef Manager;62
1917;Barney;Machine Operator;49
1799;Barney;Cook;27
1631;Barney;Steward;50
1447;Barney;Fabricator;55
1374;Barney;Biologist;45
569;Barney;Systems Administrator;22
563;Barney;Fabricator;28
62;Barney;Insurance Broker;59
2767;Barry;Stockbroker;33
2687;Barry;Healthcare Specialist;40
2530;Barry;Project Manager;65
2301;Barry;Global Logistics Supervisor;52
2281;Barry;Inspector;24
2152;Barry;Executive Director;25
1976;Barry;Production Painter;63
1719;Barry;Staffing Consultant;44
1436;Barry;Accountant;64
1016;Barry;Systems Administrator;19
895;Barry;Bellman;20
568;Barry;Inspector;36
393;Barry;HR Coordinator;41
333;Barry;Cash Manager;46
308;Barry;Project Manager;56
164;Barry;Bookkeeper;24
2820;Bart;Steward;13
2655;Bart;Accountant;46
2608;Bart;Health Educator;33
2510;Bart;Bellman;63
2494;Bart;Health Educator;30
2436;Bart;Audiologist;16
2150;Bart;Insurance Broker;40
2065;Bart;Mobile Developer;35
1984;Bart;Banker;53
1924;Bart;Call Center Representative;11
1916;Bart;Treasurer;25
1225;Bart;Front Desk Coordinator;35
1146;Bart;Baker;52
927;Bart;Executive Director;67
915;Bart;Webmaster;30
544;Bart;Project Manager;46
94;Bart;IT Support Staff;47
1839;Beatrice;Bellman;10
316;Beatrice;Restaurant Manager;51
144;Beatrice;Machine Operator;69
2675;Belinda;Electrician;21
1788;Belinda;Systems Administrator;11
1359;Belinda;Electrician;42
907;Belinda;Global Logistics Supervisor;59
449;Belinda;Systems Administrator;61
169;Belinda;Front Desk Coordinator;34
2982;Benjamin;Retail Trainee;24
2975;Benjamin;Associate Professor;26
2866;Benjamin;Paramedic;29
2745;Benjamin;Electrician;28
2645;Benjamin;Assistant Buyer;39
2534;Benjamin;Production Painter;39
2354;Benjamin;Food Technologist;50
2132;Benjamin;Global Logistics Supervisor;25
2037;Benjamin;Investment  Advisor;63
1955;Benjamin;Clerk;43
1806;Benjamin;Production Painter;58
1668;Benjamin;Production Painter;55
1577;Benjamin;Banker;27
1344;Benjamin;Design Engineer;31
688;Benjamin;Budget Analyst;39
641;Benjamin;Service Supervisor;48
50;Benjamin;Machine Operator;64
2730;Benny;Laboratory Technician;24
2594;Benny;Operator;62
2427;Benny;Associate Professor;58
2408;Benny;Physician;69
1991;Benny;CNC Operator;54
1974;Benny;Front Desk Coordinator;36
1702;Benny;Accountant;26
1546;Benny;Design Engineer;55
1365;Benny;Web Developer;65
1142;Benny;Executive Director;24
813;Benny;Doctor;44
545;Benny;Cash Manager;29
148;Benny;Baker;33
849;Bernadette;Production Painter;48
437;Bernadette;Steward;11
230;Bernadette;Physician;16
1541;Bethany;Paramedic;34
268;Bethany;Cash Manager;20
2796;Blake;Health Educator;49
1971;Blake;Ambulatory Nurse;67
215;Blake;Operator;21
2955;Bob;Lecturer;55
1705;Bob;Cook;58
1557;Bob;Laboratory Technician;48
1459;Bob;Accountant;47
1094;Bob;HR Coordinator;57
854;Bob;Investment  Advisor;31
764;Bob;Assistant Buyer;46
362;Bob;Treasurer;42
240;Bob;Budget Analyst;61
125;Bob;Ambulatory Nurse;60
122;Bob;Paramedic;51
2919;Boris;Auditor;26
2346;Boris;Bookkeeper;24
2104;Boris;Health Educator;40
1887;Boris;Business Broker;26
1876;Boris;Accountant;51
1542;Boris;Doctor;53
1414;Boris;Business Broker;35
1366;Boris;Machine Operator;69
1259;Boris;Mobile Developer;15
1208;Boris;Audiologist;11
1183;Boris;Budget Analyst;27
1115;Boris;Electrician;45
1005;Boris;Dentist;52
987;Boris;Doctor;58
947;Boris;Chef Manager;34
790;Boris;Cash Manager;51
344;Boris;Designer;65
2888;Brad;Staffing Consultant;57
2830;Brad;Front Desk Coordinator;27
2782;Brad;Baker;55
2548;Brad;Pharmacist;22
2325;Brad;Bookkeeper;52
1997;Brad;HR Specialist;59
1840;Brad;Designer;22
1783;Brad;Doctor;28
1638;Brad;Electrician;43
1554;Brad;Bellman;46
1393;Brad;Design Engineer;34
1274;Brad;Healthcare Specialist;69
1040;Brad;Chef Manager;34
1007;Brad;Chef Manager;49
913;Brad;Operator;54
673;Brad;Accountant;62
532;Brad;Investment  Advisor;67
502;Brad;Auditor;41
395;Brad;Cash Manager;29
26;Brad;CNC Operator;66
17;Brad;Call Center Representative;26
2987;Bree;Doctor;63
2082;Bree;HR Coordinator;52
1474;Bree;Mobile Developer;49
698;Bree;Associate Professor;37
1608;Bridget;Lecturer;25
1495;Bridget;Mobile Developer;57
1023;Bridget;Chef Manager;46
272;Bridget;Budget Analyst;15
2602;Bristol;Health Educator;42
2367;Bristol;Production Painter;12
2033;Bristol;HR Specialist;29
1665;Bristol;Accountant;27
1579;Bristol;Banker;21
1220;Bristol;Clerk;37
1058;Bristol;Electrician;19
887;Bristol;Inspector;53
374;Bristol;Cashier;43
2779;Britney;Budget Analyst;22
1544;Britney;Treasurer;43
1403;Britney;Webmaster;18
843;Britney;Banker;13
2753;Brooklyn;Dentist;26
622;Brooklyn;Design Engineer;27
536;Brooklyn;Design Engineer;35
2071;Bryce;Physician;52
1847;Bryce;Treasurer;26
1695;Bryce;Laboratory Technician;55
1667;Bryce;Doctor;52
2858;Bryon;Systems Administrator;32
2641;Bryon;Webmaster;21
2314;Bryon;Assistant Buyer;18
2255;Bryon;CNC Operator;19
2242;Bryon;Baker;54
2148;Bryon;Executive Director;29
2046;Bryon;Webmaster;64
1992;Bryon;HR Specialist;67
1742;Bryon;Systems Administrator;66
1428;Bryon;HR Specialist;23
1137;Bryon;HR Specialist;25
881;Bryon;IT Support Staff;53
738;Bryon;Associate Professor;65
680;Bryon;CNC Operator;25
716;Cadence;Business Broker;37
2611;Caitlyn;Web Developer;60
2097;Caitlyn;Design Engineer;64
1138;Caitlyn;Auditor;51
37;Caitlyn;Audiologist;18
2840;Caleb;Investment  Advisor;61
2772;Caleb;Paramedic;15
2585;Caleb;Chef Manager;30
2208;Caleb;Health Educator;53
2187;Caleb;Clerk;61
1190;Caleb;Paramedic;50
377;Caleb;Mobile Developer;22
360;Caleb;Investment  Advisor;19
222;Caleb;Chef Manager;44
43;Caleb;IT Support Staff;63
15;Caleb;Food Technologist;52
1854;Callie;Stockbroker;55
516;Callie;Designer;59
2520;Camden;Cashier;25
2117;Camden;Stockbroker;10
1824;Camden;Associate Professor;49
853;Camden;Baker;38
2801;Camellia;Staffing Consultant;40
2243;Camellia;Cash Manager;37
1690;Camellia;Project Manager;66
1401;Camellia;Business Broker;22
1172;Camellia;CNC Operator;20
1266;Cameron;Associate Professor;64
537;Cameron;Service Supervisor;49
2877;Camila;Staffing Consultant;34
1904;Camila;Loan Officer;34
1490;Camila;Clerk;59
482;Camila;Machine Operator;10
29;Camila;CNC Operator;26
2864;Candace;Laboratory Technician;57
2308;Candace;Investment  Advisor;49
2264;Candace;Biologist;25
1940;Candace;Healthcare Specialist;30
1640;Candace;Cash Manager;50
1477;Candace;Assistant Buyer;62
1213;Candace;Laboratory Technician;33
311;Candace;CNC Operator;12
139;Candace;Operator;13
2500;Candice;Staffing Consultant;19
2274;Candice;Insurance Broker;49
2435;Cara;Fabricator;68
1766;Cara;Call Center Representative;39
1765;Cara;Software Engineer;31
1537;Cara;Doctor;30
1492;Cara;Inspector;20
1279;Cara;Food Technologist;31
576;Cara;Accountant;18
527;Cara;HR Coordinator;30
2743;Carina;Bookkeeper;26
229;Carina;Investment  Advisor;49
2656;Carissa;Production Painter;36
1691;Carissa;Audiologist;35
893;Carissa;Staffing Consultant;19
2321;Carl;Global Logistics Supervisor;63
2181;Carl;Stockbroker;37
2147;Carl;Clerk;30
1851;Carl;Business Broker;15
1770;Carl;Assistant Buyer;24
1660;Carl;Production Painter;31
1594;Carl;Operator;69
1555;Carl;Paramedic;69
1298;Carl;Mobile Developer;60
1221;Carl;IT Support Staff;19
1214;Carl;Chef Manager;27
960;Carl;Cashier;45
788;Carl;Baker;51
687;Carl;Stockbroker;11
345;Carl;Biologist;15
249;Carl;Assistant Buyer;66
2742;Carla;Laboratory Technician;19
2199;Carla;Service Supervisor;26
2143;Carla;Retail Trainee;69
338;Carla;Cash Manager;53
1587;Carmella;Chef Manager;54
2808;Carmen;Bellman;40
2145;Carmen;Food Technologist;16
1926;Carmen;Food Technologist;39
1717;Carmen;Dentist;50
2610;Carol;Retail Trainee;12
2250;Carol;Bellman;10
1294;Carol;Health Educator;24
704;Carol;Operator;25
1376;Carolyn;Paramedic;23
1273;Carolyn;Health Educator;20
951;Carolyn;Health Educator;12
771;Carolyn;Call Center Representative;62
1703;Carrie;Banker;59
1476;Carrie;Production Painter;66
1457;Carrie;HR Coordinator;28
1240;Carrie;Cash Manager;21
1132;Carrie;Cashier;14
1110;Carrie;Chef Manager;53
2907;Carter;Investment  Advisor;33
2755;Carter;Fabricator;59
2716;Carter;Clerk;47
1949;Carter;Inspector;46
1639;Carter;Global Logistics Supervisor;12
1543;Carter;Health Educator;49
1339;Carter;Insurance Broker;12
1182;Carter;Production Painter;42
801;Carter;Front Desk Coordinator;31
582;Carter;Laboratory Technician;20
2780;Cassandra;Production Painter;25
2175;Cassandra;HR Specialist;40
2113;Cassandra;Cashier;64
1678;Cassandra;CNC Operator;13
1334;Cassandra;Fabricator;52
2273;Cassidy;HR Coordinator;11
1569;Cassidy;Steward;34
679;Cassidy;Physician;34
564;Cassidy;Ambulatory Nurse;54
274;Cassidy;Systems Administrator;39
2485;Catherine;Software Engineer;62
2618;Caydence;Mobile Developer;24
1289;Caydence;Production Painter;60
780;Caydence;Cash Manager;64
41;Caydence;Assistant Buyer;61
2839;Cedrick;Loan Officer;60
2810;Cedrick;Food Technologist;46
2285;Cedrick;Fabricator;28
2196;Cedrick;Call Center Representative;44
2115;Cedrick;Designer;69
1675;Cedrick;Paramedic;28
1230;Cedrick;Front Desk Coordinator;41
1046;Cedrick;Design Engineer;44
929;Cedrick;Service Supervisor;37
850;Cedrick;Restaurant Manager;56
752;Cedrick;Cashier;58
750;Cedrick;Software Engineer;34
553;Cedrick;Front Desk Coordinator;14
391;Cedrick;Software Engineer;30
182;Cedrick;Banker;51
2863;Celia;Service Supervisor;26
2647;Celia;CNC Operator;18
2557;Celia;Healthcare Specialist;50
1288;Celia;Inspector;15
779;Celina;Audiologist;15
744;Celina;Bellman;17
2809;Chad;Investment  Advisor;44
2654;Chad;Machine Operator;41
2431;Chad;Physician;32
2380;Chad;Health Educator;20
2235;Chad;Physician;38
1662;Chad;Lecturer;18
1357;Chad;Cash Manager;67
1316;Chad;HR Specialist;22
549;Chad;Health Educator;10
292;Chad;Insurance Broker;68
48;Chad;Biologist;40
2881;Chadwick;Fabricator;20
2871;Chadwick;Ambulatory Nurse;34
1944;Chadwick;Operator;36
1899;Chadwick;Production Painter;50
1831;Chadwick;HR Specialist;69
1789;Chadwick;Physician;45
1730;Chadwick;Cook;25
1303;Chadwick;Loan Officer;41
1250;Chadwick;Steward;32
995;Chadwick;HR Specialist;24
828;Chadwick;Ambulatory Nurse;50
661;Chadwick;Health Educator;44
209;Chadwick;Stockbroker;22
178;Chadwick;Assistant Buyer;42
2387;Chanelle;Production Painter;40
1950;Chanelle;Banker;61
1529;Chanelle;Project Manager;59
979;Chanelle;Call Center Representative;28
1819;Charlize;Treasurer;52
676;Charlize;Insurance Broker;68
2236;Charlotte;Design Engineer;59
2805;Chelsea;Auditor;30
2412;Chelsea;Paramedic;18
1641;Chelsea;Investment  Advisor;61
742;Chelsea;Steward;40
2958;Cherish;Front Desk Coordinator;51
2561;Cherish;Paramedic;14
1961;Cherish;Cash Manager;24
1710;Cherish;Ambulatory Nurse;29
1261;Cherish;Biologist;19
285;Cherish;Physician;11
2989;Chester;Physician;53
2790;Chester;Ambulatory Nurse;31
2653;Chester;Executive Director;61
2617;Chester;Web Developer;25
2455;Chester;Baker;67
2224;Chester;Bellman;63
2158;Chester;Assistant Buyer;68
1148;Chester;Biologist;23
862;Chester;Ambulatory Nurse;52
468;Chester;Audiologist;29
227;Chester;Web Developer;58
146;Chester;Operator;41
1089;Chloe;Bellman;20
807;Chloe;Investment  Advisor;61
721;Chloe;Service Supervisor;41
2771;Chris;Budget Analyst;47
2650;Chris;Design Engineer;69
2576;Chris;Laboratory Technician;53
2334;Chris;Ambulatory Nurse;26
2085;Chris;Cook;55
1521;Chris;Steward;40
1497;Chris;Baker;37
1422;Chris;Paramedic;47
684;Chris;Investment  Advisor;23
530;Chris;Front Desk Coordinator;69
489;Chris;Physician;36
207;Chris;Operator;64
2393;Christine;Food Technologist;54
607;Christine;Bellman;11
387;Christine;Lecturer;43
2389;Christy;Accountant;45
469;Christy;IT Support Staff;18
2884;Chuck;Operator;22
2859;Chuck;Loan Officer;67
2846;Chuck;Business Broker;36
2823;Chuck;Chef Manager;46
2787;Chuck;Doctor;56
2756;Chuck;Pharmacist;46
2684;Chuck;Inspector;45
2543;Chuck;Laboratory Technician;57
2448;Chuck;Dentist;33
2307;Chuck;Accountant;15
2100;Chuck;Dentist;31
1794;Chuck;Executive Director;18
1648;Chuck;Design Engineer;59
1578;Chuck;Cashier;45
1143;Chuck;Steward;58
1071;Chuck;Chef Manager;52
999;Chuck;Designer;32
762;Chuck;Audiologist;64
710;Chuck;Pharmacist;42
465;Chuck;Webmaster;31
348;Chuck;CNC Operator;10
330;Chuck;HR Specialist;48
2811;Ciara;CNC Operator;27
2674;Ciara;Service Supervisor;64
615;Ciara;Webmaster;37
818;Claire;Pharmacist;65
2824;Clarissa;Project Manager;19
2405;Clarissa;Business Broker;68
1738;Clarissa;Associate Professor;52
1102;Clarissa;Front Desk Coordinator;22
2872;Clint;Electrician;42
2698;Clint;Pharmacist;41
2501;Clint;Baker;24
2133;Clint;Paramedic;46
1832;Clint;Cash Manager;16
1775;Clint;Baker;13
1731;Clint;Clerk;64
1659;Clint;Investment  Advisor;10
1539;Clint;Loan Officer;17
1352;Clint;Executive Director;53
1042;Clint;Associate Professor;68
496;Clint;Machine Operator;42
459;Clint;Banker;57
132;Clint;CNC Operator;25
2976;Colleen;Bellman;12
2080;Colleen;HR Specialist;44
1759;Colleen;Bookkeeper;19
416;Colleen;Auditor;28
183;Colleen;Mobile Developer;58
2631;Courtney;Webmaster;67
2583;Courtney;Operator;28
1398;Courtney;Laboratory Technician;47
743;Courtney;Retail Trainee;30
1093;Cristal;Biologist;47
969;Cristal;Banker;58
2413;Crystal;Bellman;25
2263;Crystal;Lecturer;32
2215;Crystal;Machine Operator;58
1301;Crystal;Doctor;18
415;Crystal;Cash Manager;41
282;Crystal;Accountant;46
11;Crystal;Webmaster;14
2568;Cynthia;Insurance Broker;28
681;Cynthia;Restaurant Manager;65
471;Cynthia;CNC Operator;33
2728;Dakota;Clerk;65
651;Dakota;Production Painter;28
1416;Dalia;Loan Officer;20
1196;Dalia;Health Educator;32
1167;Dalia;Fabricator;25
846;Dalia;Ambulatory Nurse;16
108;Dalia;Banker;13
2979;Dani;Stockbroker;60
2726;Dani;Steward;14
2531;Dani;Retail Trainee;59
2219;Dani;Clerk;60
741;Dani;Audiologist;67
2710;Daniel;Banker;46
2468;Daniel;Laboratory Technician;18
2352;Daniel;Executive Director;65
2277;Daniel;Laboratory Technician;60
2244;Daniel;Accountant;29
2057;Daniel;Banker;48
1647;Daniel;Operator;50
1611;Daniel;Associate Professor;38
1435;Daniel;Stockbroker;66
1253;Daniel;Banker;53
1141;Daniel;Treasurer;38
1086;Daniel;Mobile Developer;25
778;Daniel;Dentist;32
627;Daniel;IT Support Staff;62
226;Daniel;Insurance Broker;38
2969;Danielle;Software Engineer;29
2911;Danielle;Web Developer;68
2799;Danielle;Web Developer;32
2719;Danielle;Electrician;15
1898;Danielle;Project Manager;38
1420;Danielle;Bookkeeper;19
711;Danielle;Healthcare Specialist;34
526;Danielle;Dentist;48
349;Danielle;Cook;52
93;Danielle;Chef Manager;39
2718;Danny;Mobile Developer;19
2511;Danny;Treasurer;64
2345;Danny;Treasurer;60
1928;Danny;Lecturer;32
1380;Danny;Insurance Broker;42
1299;Danny;Laboratory Technician;30
1099;Danny;Electrician;10
956;Danny;Budget Analyst;25
657;Danny;CNC Operator;41
616;Danny;Budget Analyst;43
595;Danny;Healthcare Specialist;58
379;Danny;Pharmacist;35
2406;Daphne;Executive Director;40
2068;Daphne;Treasurer;37
1508;Daphne;Investment  Advisor;16
982;Daphne;Executive Director;65
613;Daphne;Health Educator;28
520;Daphne;Staffing Consultant;14
380;Daphne;Inspector;33
378;Daphne;Cook;15
2891;Daria;Doctor;33
1908;Daria;HR Coordinator;55
265;Daria;IT Support Staff;15
2850;Darlene;Accountant;46
2819;Darlene;Business Broker;69
2724;Darlene;Front Desk Coordinator;44
2381;Darlene;Healthcare Specialist;45
1718;Darlene;Cook;14
1677;Darlene;Food Technologist;66
1194;Darlene;Paramedic;34
1113;Darlene;Associate Professor;64
2702;Daron;Mobile Developer;24
2467;Daron;Banker;55
2371;Daron;Inspector;35
2228;Daron;Doctor;44
2205;Daron;Service Supervisor;60
1877;Daron;Biologist;62
1772;Daron;Physician;18
811;Daron;Restaurant Manager;58
753;Daron;HR Specialist;15
458;Daron;Budget Analyst;35
242;Daron;Designer;69
171;Daron;Systems Administrator;56
14;Daron;Front Desk Coordinator;34
2920;Dasha;Call Center Representative;66
2794;Dasha;Executive Director;48
1440;Dasha;Global Logistics Supervisor;36
1257;Dasha;Accountant;46
2574;David;Food Technologist;32
2186;David;Budget Analyst;37
2135;David;CNC Operator;62
1884;David;Call Center Representative;38
1588;David;Inspector;52
1152;David;Systems Administrator;15
768;David;Healthcare Specialist;48
552;David;Audiologist;59
355;David;HR Specialist;61
228;David;Restaurant Manager;28
89;David;Call Center Representative;69
2507;Davina;Designer;67
2318;Davina;Dentist;21
2093;Davina;Accountant;62
2646;Deborah;Audiologist;37
2022;Deborah;Electrician;48
1767;Deborah;Retail Trainee;15
2851;Denis;HR Coordinator;35
2558;Denis;Bookkeeper;38
2539;Denis;Food Technologist;30
2376;Denis;Investment  Advisor;63
2343;Denis;IT Support Staff;36
1989;Denis;Fabricator;40
1774;Denis;Cashier;19
1592;Denis;Designer;48
1381;Denis;Machine Operator;10
1145;Denis;Design Engineer;30
31;Denis;Audiologist;49
2941;Denny;Cashier;22
2821;Denny;Project Manager;35
2712;Denny;Associate Professor;56
2709;Denny;Lecturer;26
2470;Denny;Banker;34
2456;Denny;Machine Operator;37
2270;Denny;Laboratory Technician;66
2184;Denny;Webmaster;63
2179;Denny;Web Developer;59
2173;Denny;Stockbroker;56
2090;Denny;Stockbroker;28
1866;Denny;Designer;69
1568;Denny;Service Supervisor;26
1553;Denny;Service Supervisor;46
1441;Denny;HR Coordinator;14
1330;Denny;Executive Director;25
1107;Denny;Retail Trainee;68
555;Denny;Software Engineer;54
497;Denny;Web Developer;44
163;Denny;Assistant Buyer;25
78;Denny;Inspector;57
13;Denny;Bellman;67
2223;Destiny;Treasurer;51
959;Destiny;Project Manager;12
925;Destiny;Healthcare Specialist;37
769;Destiny;Auditor;57
347;Destiny;Accountant;45
221;Destiny;Baker;49
2019;Diane;Audiologist;12
1534;Diane;Designer;16
1486;Diane;Banker;49
1158;Diane;Ambulatory Nurse;53
770;Diane;HR Coordinator;54
2639;Domenic;Budget Analyst;57
2482;Domenic;Cashier;60
2440;Domenic;Assistant Buyer;42
2372;Domenic;Clerk;28
2241;Domenic;Baker;49
2166;Domenic;IT Support Staff;16
1902;Domenic;Inspector;25
1481;Domenic;Systems Administrator;16
1353;Domenic;Designer;45
1055;Domenic;Production Painter;57
916;Domenic;Biologist;44
825;Domenic;Accountant;36
720;Domenic;Accountant;60
554;Domenic;Dentist;28
2974;Doris;Restaurant Manager;48
2706;Doris;Call Center Representative;33
2415;Doris;Designer;55
957;Doris;Ambulatory Nurse;17
27;Doris;CNC Operator;39
2428;Dorothy;Staffing Consultant;55
1845;Dorothy;CNC Operator;59
1714;Dorothy;Lecturer;22
1636;Dorothy;Loan Officer;32
2925;Doug;Software Engineer;22
2210;Doug;CNC Operator;43
2036;Doug;Chef Manager;60
1923;Doug;Global Logistics Supervisor;45
1793;Doug;Software Engineer;60
1338;Doug;Health Educator;29
1181;Doug;Bookkeeper;32
971;Doug;Clerk;53
923;Doug;Loan Officer;10
737;Doug;Treasurer;18
723;Doug;HR Specialist;62
2453;Eden;Audiologist;22
2058;Eden;Doctor;65
1466;Eden;Food Technologist;19
757;Eden;Service Supervisor;14
414;Eden;Service Supervisor;59
322;Eden;Executive Director;21
2923;Eduardo;Call Center Representative;48
2452;Eduardo;Staffing Consultant;54
2402;Eduardo;Health Educator;18
2374;Eduardo;Baker;39
2075;Eduardo;Cook;22
2001;Eduardo;Staffing Consultant;42
1715;Eduardo;Food Technologist;52
1480;Eduardo;Assistant Buyer;47
1283;Eduardo;Paramedic;38
1268;Eduardo;Project Manager;38
1013;Eduardo;Loan Officer;40
838;Eduardo;Webmaster;22
541;Eduardo;Healthcare Specialist;29
210;Eduardo;Design Engineer;33
2875;Eileen;Insurance Broker;11
1561;Eileen;Fabricator;26
954;Eileen;Electrician;18
2276;Elena;HR Specialist;34
2266;Elena;Biologist;26
989;Elena;Operator;48
2792;Elijah;Project Manager;54
2765;Elijah;Healthcare Specialist;30
2284;Elijah;Cash Manager;26
1394;Elijah;Paramedic;51
869;Elijah;Bookkeeper;15
857;Elijah;Stockbroker;64
724;Elijah;Biologist;14
599;Elijah;Biologist;67
574;Elijah;IT Support Staff;46
495;Elijah;Health Educator;20
1684;Elisabeth;Chef Manager;15
1262;Elisabeth;Physician;29
487;Elisabeth;Web Developer;23
35;Elisabeth;Cashier;18
2305;Elise;Paramedic;55
2038;Elise;Electrician;52
666;Elise;Cook;30
141;Elise;Call Center Representative;41
1935;Elle;Healthcare Specialist;25
983;Elle;Health Educator;16
297;Elle;Clerk;63
219;Elle;Cook;45
162;Elle;Laboratory Technician;19
2972;Ellen;Operator;12
2350;Ellen;Healthcare Specialist;23
1412;Ellen;HR Specialist;43
1329;Ellen;IT Support Staff;62
943;Ellen;Staffing Consultant;56
877;Ellen;Insurance Broker;49
571;Ellen;Global Logistics Supervisor;42
2822;Elly;Global Logistics Supervisor;18
1628;Elly;Web Developer;61
1458;Elly;Health Educator;44
1211;Elly;HR Specialist;66
423;Elly;Budget Analyst;61
258;Elly;HR Specialist;64
2695;Ema;Treasurer;13
2298;Ema;Steward;46
1807;Ema;Electrician;16
214;Ema;Assistant Buyer;42
2983;Ember;Global Logistics Supervisor;21
1728;Ember;Physician;20
988;Ember;Retail Trainee;40
727;Ember;Ambulatory Nurse;52
700;Ember;CNC Operator;44
464;Ember;HR Specialist;65
2537;Emely;Systems Administrator;24
1951;Emely;Production Painter;40
1043;Emely;Cashier;67
2149;Emerald;Inspector;28
4;Emerald;Healthcare Specialist;42
2963;Emery;Restaurant Manager;33
2047;Emery;IT Support Staff;33
677;Emery;Web Developer;16
2519;Emma;Pharmacist;21
2227;Emma;Clerk;49
2214;Emma;Restaurant Manager;36
816;Emma;HR Coordinator;56
397;Emma;Systems Administrator;62
137;Emma;Systems Administrator;59
2964;Emmanuelle;Budget Analyst;54
2896;Emmanuelle;Cook;65
2084;Emmanuelle;Assistant Buyer;34
1429;Emmanuelle;HR Specialist;57
1243;Emmanuelle;Bellman;10
805;Emmanuelle;Business Broker;56
2931;Enoch;Treasurer;58
2855;Enoch;Lecturer;37
2584;Enoch;Systems Administrator;54
2403;Enoch;Baker;24
2366;Enoch;Paramedic;31
2163;Enoch;Software Engineer;22
1925;Enoch;Machine Operator;49
1504;Enoch;Doctor;50
1453;Enoch;Associate Professor;42
1333;Enoch;Design Engineer;37
1187;Enoch;Laboratory Technician;26
1080;Enoch;Auditor;46
87;Enoch;Investment  Advisor;50
64;Enoch;Inspector;42
53;Enoch;Global Logistics Supervisor;41
2807;Erica;Bookkeeper;31
1632;Erica;Insurance Broker;33
1351;Erica;Cashier;14
747;Erica;Machine Operator;59
548;Erica;Insurance Broker;11
2632;Erick;Pharmacist;48
2615;Erick;Webmaster;22
2394;Erick;Service Supervisor;43
2358;Erick;IT Support Staff;66
2204;Erick;Banker;12
2191;Erick;Paramedic;53
1946;Erick;Retail Trainee;45
1764;Erick;Webmaster;54
1570;Erick;Cashier;17
1410;Erick;Systems Administrator;60
1400;Erick;Assistant Buyer;63
1248;Erick;CNC Operator;65
1247;Erick;Call Center Representative;10
1053;Erick;Ambulatory Nurse;46
833;Erick;Dentist;30
2120;Erin;Lecturer;27
705;Erin;Audiologist;22
8;Erin;Investment  Advisor;62
1692;Eryn;Banker;33
1584;Eryn;Auditor;16
1531;Eryn;Front Desk Coordinator;41
1217;Esmeralda;Assistant Buyer;18
1160;Esmeralda;Fabricator;60
888;Esmeralda;Fabricator;56
815;Esmeralda;Pharmacist;41
129;Esmeralda;HR Specialist;35
2681;Estrella;Assistant Buyer;47
2198;Estrella;Design Engineer;54
2137;Estrella;Web Developer;10
1720;Estrella;Mobile Developer;17
1178;Estrella;Audiologist;33
836;Estrella;Retail Trainee;36
284;Estrella;HR Coordinator;13
2998;Ethan;Biologist;46
2784;Ethan;Service Supervisor;51
2640;Ethan;Banker;42
2604;Ethan;Machine Operator;16
2477;Ethan;Lecturer;31
1815;Ethan;Steward;29
1471;Ethan;Inspector;13
1452;Ethan;Paramedic;56
1382;Ethan;Restaurant Manager;39
1305;Ethan;Insurance Broker;11
821;Ethan;Health Educator;51
712;Ethan;Clerk;44
583;Ethan;Clerk;15
200;Ethan;Inspector;35
1512;Eve;Business Broker;49
612;Eve;Bookkeeper;21
483;Eve;Bookkeeper;44
1795;Evelynn;Auditor;35
1112;Evelynn;Auditor;11
707;Evelynn;Web Developer;46
149;Evelynn;Call Center Representative;30
1942;Evie;Investment  Advisor;54
1031;Evie;Business Broker;26
2304;Faith;Operator;27
2239;Faith;Staffing Consultant;53
1510;Faith;Audiologist;22
1199;Faith;Investment  Advisor;17
1901;Felicity;Biologist;63
1696;Felicity;HR Coordinator;64
1604;Felicity;CNC Operator;53
1039;Felicity;HR Specialist;58
1010;Felicity;Web Developer;50
1000;Felicity;Laboratory Technician;55
759;Felicity;Mobile Developer;10
237;Felicity;Associate Professor;32
1958;Fiona;Accountant;51
1590;Fiona;Healthcare Specialist;68
1066;Fiona;Staffing Consultant;37
792;Fiona;Electrician;35
525;Fiona;Cook;11
370;Fiona;Staffing Consultant;43
2634;Florence;Insurance Broker;34
1484;Florence;Insurance Broker;22
1154;Florence;Budget Analyst;52
198;Florence;Pharmacist;42
2831;Francesca;Cook;67
2474;Francesca;Systems Administrator;18
2734;Fred;Chef Manager;28
2652;Fred;Mobile Developer;21
2283;Fred;Fabricator;40
2201;Fred;HR Specialist;50
2140;Fred;Retail Trainee;22
1967;Fred;Electrician;24
1841;Fred;CNC Operator;35
1816;Fred;Fabricator;27
1645;Fred;Call Center Representative;28
1626;Fred;Mobile Developer;63
1483;Fred;Banker;26
1426;Fred;Bellman;35
1407;Fred;Associate Professor;14
1322;Fred;Laboratory Technician;19
1272;Fred;Pharmacist;47
1091;Fred;Executive Director;54
1004;Fred;Front Desk Coordinator;24
860;Fred;Laboratory Technician;59
413;Fred;Doctor;45
328;Fred;Healthcare Specialist;58
197;Fred;Designer;63
188;Fred;Mobile Developer;59
168;Fred;Loan Officer;42
1408;Freya;Auditor;50
1405;Freya;Food Technologist;68
1254;Freya;Bellman;15
890;Freya;Call Center Representative;53
313;Freya;Mobile Developer;38
2616;Gabriel;Inspector;46
2575;Gabriel;Cashier;19
2392;Gabriel;Project Manager;24
2067;Gabriel;Baker;22
1907;Gabriel;Webmaster;64
1791;Gabriel;Webmaster;17
1790;Gabriel;Design Engineer;32
1524;Gabriel;HR Coordinator;24
1069;Gabriel;Cash Manager;66
1049;Gabriel;Doctor;68
829;Gabriel;Systems Administrator;50
267;Gabriel;Systems Administrator;19
136;Gabriel;Food Technologist;26
2694;Gemma;Clerk;18
2138;Gemma;Retail Trainee;55
2026;Gemma;Service Supervisor;23
713;Gemma;Staffing Consultant;51
2421;George;Banker;13
1856;George;CNC Operator;23
1585;George;Clerk;58
1224;George;Associate Professor;51
1219;George;Executive Director;35
625;George;Cashier;43
524;George;Project Manager;15
445;George;Baker;20
2768;Georgia;Health Educator;26
508;Georgia;Associate Professor;52
138;Georgia;Investment  Advisor;22
2245;Gil;HR Coordinator;48
1999;Gil;Banker;12
1872;Gil;Cashier;46
1834;Gil;Webmaster;23
1424;Gil;Baker;22
826;Gil;Audiologist;67
799;Gil;CNC Operator;41
728;Gil;Fabricator;12
697;Gil;Stockbroker;62
610;Gil;IT Support Staff;20
475;Gil;Cook;31
450;Gil;CNC Operator;61
244;Gil;Bookkeeper;46
2424;Gina;Budget Analyst;66
1716;Gina;Retail Trainee;35
1097;Gina;Bellman;45
439;Gina;Service Supervisor;67
73;Gina;Budget Analyst;19
46;Gina;Production Painter;16
2194;Gladys;Treasurer;47
1314;Gladys;Inspector;69
1008;Gladys;Steward;47
868;Gladys;Software Engineer;38
190;Gladys;Assistant Buyer;42
2816;Gloria;Executive Director;15
1849;Gloria;Stockbroker;45
803;Gloria;Biologist;62
2680;Goldie;Bellman;68
1522;Goldie;Electrician;64
174;Goldie;Steward;30
2848;Grace;Associate Professor;30
2434;Grace;Chef Manager;49
1536;Grace;Business Broker;13
366;Grace;Design Engineer;44
2357;Greta;Budget Analyst;64
2349;Greta;Cash Manager;26
2347;Greta;Accountant;62
2101;Greta;Ambulatory Nurse;60
1981;Greta;Call Center Representative;45
990;Greta;Inspector;27
814;Greta;Operator;17
804;Greta;Biologist;34
77;Greta;Business Broker;40
133;Gwen;Assistant Buyer;29
2629;Gwenyth;Treasurer;68
2601;Gwenyth;Assistant Buyer;46
2174;Gwenyth;Inspector;12
177;Gwenyth;Banker;11
42;Gwenyth;HR Coordinator;57
2591;Hadley;Loan Officer;32
2291;Hailey;Insurance Broker;57
2257;Hailey;Designer;52
1970;Hailey;Cashier;33
1885;Hailey;Business Broker;59
1747;Hailey;Pharmacist;67
517;Hailey;Bellman;67
2521;Hank;Cook;35
2341;Hank;Stockbroker;24
2217;Hank;Budget Analyst;11
2077;Hank;Design Engineer;34
1875;Hank;Systems Administrator;35
1634;Hank;HR Specialist;68
1176;Hank;Auditor;37
1121;Hank;CNC Operator;43
1034;Hank;Designer;56
908;Hank;Healthcare Specialist;32
823;Hank;Global Logistics Supervisor;51
611;Hank;Laboratory Technician;58
557;Hank;HR Specialist;16
417;Hank;Front Desk Coordinator;28
1960;Hanna;Baker;29
1188;Hanna;Mobile Developer;65
28;Hanna;Healthcare Specialist;26
2770;Hannah;Healthcare Specialist;19
2628;Hannah;Front Desk Coordinator;57
2404;Hannah;Paramedic;30
2320;Hannah;Web Developer;45
2157;Hannah;Steward;27
1676;Hannah;Health Educator;52
2935;Harmony;Web Developer;24
2676;Harmony;Assistant Buyer;45
2630;Harmony;Audiologist;59
2596;Harmony;Cash Manager;13
892;Harmony;Front Desk Coordinator;14
2514;Harriet;Investment  Advisor;32
1505;Harriet;Loan Officer;31
1038;Harriet;Biologist;30
2945;Harry;Lecturer;55
2577;Harry;Inspector;50
2315;Harry;Design Engineer;23
1934;Harry;Designer;52
1725;Harry;Software Engineer;14
1688;Harry;Stockbroker;61
1562;Harry;Design Engineer;25
909;Harry;Design Engineer;12
444;Harry;Restaurant Manager;32
166;Harry;Treasurer;56
55;Harry;Stockbroker;66
2947;Harvey;Systems Administrator;14
2731;Harvey;Health Educator;33
2725;Harvey;Paramedic;48
2682;Harvey;Operator;26
2554;Harvey;Food Technologist;60
2430;Harvey;Production Painter;13
2258;Harvey;Production Painter;62
2213;Harvey;Laboratory Technician;64
1853;Harvey;Systems Administrator;54
1805;Harvey;Software Engineer;20
1707;Harvey;Software Engineer;25
1378;Harvey;Associate Professor;16
1018;Harvey;Clerk;47
725;Harvey;Audiologist;56
589;Harvey;Clerk;64
418;Harvey;Service Supervisor;58
287;Harvey;Dentist;11
1488;Havana;Project Manager;36
1120;Havana;Executive Director;12
1106;Havana;Budget Analyst;57
2887;Hayden;HR Coordinator;32
2885;Hayden;Staffing Consultant;69
2825;Hayden;Designer;12
2817;Hayden;Mobile Developer;18
2462;Hayden;Service Supervisor;13
2450;Hayden;Business Broker;13
2324;Hayden;Webmaster;17
2302;Hayden;Production Painter;46
2288;Hayden;Treasurer;63
2207;Hayden;Systems Administrator;21
2141;Hayden;Baker;14
1729;Hayden;Systems Administrator;44
1597;Hayden;Call Center Representative;34
1591;Hayden;Dentist;32
1390;Hayden;HR Coordinator;51
1060;Hayden;Dentist;45
914;Hayden;Laboratory Technician;32
847;Hayden;Fabricator;42
484;Hayden;Insurance Broker;10
478;Hayden;Cash Manager;38
212;Hayden;Mobile Developer;26
2916;Hazel;Restaurant Manager;23
2248;Hazel;Physician;39
2021;Hazel;Executive Director;65
1776;Hazel;Project Manager;27
1753;Hazel;Baker;19
1682;Hazel;Inspector;62
1582;Hazel;Accountant;14
1479;Hazel;Business Broker;16
652;Hazel;HR Specialist;22
2766;Helen;Lecturer;60
1081;Helen;Restaurant Manager;37
876;Helen;Steward;11
2853;Henry;Restaurant Manager;28
2667;Henry;Lecturer;54
2487;Henry;Insurance Broker;61
2165;Henry;Physician;37
2110;Henry;Lecturer;32
1576;Henry;HR Specialist;31
1523;Henry;Global Logistics Supervisor;40
1251;Henry;Dentist;56
772;Henry;Laboratory Technician;49
726;Henry;Cook;32
638;Henry;Project Manager;46
477;Henry;Systems Administrator;51
343;Henry;Treasurer;40
202;Henry;Business Broker;12
201;Henry;Stockbroker;60
2043;Holly;Fabricator;15
1518;Holly;HR Coordinator;66
1321;Holly;IT Support Staff;49
632;Holly;Banker;60
494;Holly;CNC Operator;34
448;Holly;CNC Operator;66
2744;Hope;Biologist;51
2463;Hope;Accountant;60
1454;Hope;Project Manager;54
1227;Hope;CNC Operator;18
998;Hope;Investment  Advisor;42
740;Hope;Food Technologist;35
2739;Ilona;Production Painter;12
1118;Ilona;Production Painter;21
940;Ilona;Design Engineer;50
2028;Irene;Pharmacist;14
1642;Irene;Associate Professor;35
1610;Irene;Accountant;49
1313;Irene;Mobile Developer;50
997;Irene;Electrician;69
980;Irene;Retail Trainee;21
1186;Iris;Systems Administrator;36
2164;Isabel;Dentist;66
1921;Isabel;Physician;25
1995;Isabella;CNC Operator;65
1906;Isabella;Production Painter;11
556;Isabella;Design Engineer;65
2783;Isla;Steward;44
2160;Isla;Biologist;15
1888;Isla;Physician;23
1550;Isla;Dentist;56
950;Isla;Food Technologist;49
161;Isla;Staffing Consultant;61
2079;Ivette;Front Desk Coordinator;61
1889;Ivette;Audiologist;11
1818;Ivette;Assistant Buyer;29
1786;Ivette;Insurance Broker;65
1643;Ivette;Ambulatory Nurse;35
855;Ivette;Project Manager;35
560;Ivette;CNC Operator;43
1844;Ivy;Electrician;22
1349;Ivy;Production Painter;55
933;Ivy;Mobile Developer;55
777;Ivy;Cook;40
689;Ivy;Machine Operator;32
2950;Jack;Call Center Representative;69
2551;Jack;Clerk;67
2251;Jack;Staffing Consultant;23
2180;Jack;Production Painter;63
1919;Jack;Software Engineer;68
1635;Jack;Call Center Representative;23
1566;Jack;Laboratory Technician;32
1514;Jack;Biologist;16
1356;Jack;Business Broker;55
1327;Jack;Systems Administrator;29
101;Jack;Paramedic;60
86;Jack;Steward;31
1465;Jackeline;Design Engineer;62
1281;Jackeline;Chef Manager;62
1265;Jackeline;Operator;46
875;Jackeline;CNC Operator;32
844;Jackeline;Associate Professor;16
275;Jackeline;Associate Professor;22
2883;Jacob;Steward;10
2692;Jacob;Global Logistics Supervisor;11
2458;Jacob;Physician;18
2445;Jacob;Operator;27
2397;Jacob;Food Technologist;62
2216;Jacob;Production Painter;57
2195;Jacob;Doctor;56
2176;Jacob;Food Technologist;62
1912;Jacob;Food Technologist;14
1837;Jacob;Laboratory Technician;59
1744;Jacob;Physician;65
1556;Jacob;Steward;39
1437;Jacob;Global Logistics Supervisor;60
1371;Jacob;Healthcare Specialist;11
1361;Jacob;Bellman;58
1184;Jacob;Lecturer;24
910;Jacob;Retail Trainee;26
810;Jacob;Business Broker;37
715;Jacob;Stockbroker;61
709;Jacob;Biologist;37
430;Jacob;Associate Professor;16
326;Jacob;Doctor;67
289;Jacob;Global Logistics Supervisor;13
1072;Jacqueline;Cook;28
922;Jacqueline;Chef Manager;43
262;Jacqueline;Operator;61
30;Jacqueline;Fabricator;11
2644;Jade;Food Technologist;34
1882;Jade;Steward;61
865;Jade;Designer;57
2336;Jamie;Retail Trainee;32
1855;Jamie;Webmaster;38
1516;Jamie;Stockbroker;28
1056;Jamie;Treasurer;16
2894;Jane;Insurance Broker;59
2707;Jane;Pharmacist;47
2162;Jane;Production Painter;58
1977;Jane;Associate Professor;62
1952;Jane;Banker;56
643;Jane;Mobile Developer;46
184;Jane;Biologist;49
2882;Janelle;Investment  Advisor;24
2240;Janelle;Restaurant Manager;20
1627;Janelle;Treasurer;69
1473;Janelle;Project Manager;65
1312;Janelle;Webmaster;59
1609;Janice;Banker;23
751;Janice;Banker;49
2748;Jasmine;Health Educator;40
2738;Jasmine;Webmaster;32
2226;Jasmine;Associate Professor;11
2007;Jasmine;Health Educator;42
1905;Jasmine;Inspector;53
1880;Jasmine;Paramedic;31
974;Jasmine;Accountant;67
280;Jasmine;Production Painter;61
195;Jasmine;Treasurer;31
2973;Javier;Dentist;61
2898;Javier;Loan Officer;22
2870;Javier;Food Technologist;62
2678;Javier;Loan Officer;11
2669;Javier;Associate Professor;41
2665;Javier;Cash Manager;18
2497;Javier;Baker;24
2322;Javier;Software Engineer;35
2278;Javier;Accountant;47
2253;Javier;Web Developer;35
2095;Javier;Service Supervisor;15
2059;Javier;Business Broker;26
1996;Javier;Food Technologist;63
1672;Javier;Investment  Advisor;15
1622;Javier;Web Developer;13
1234;Javier;Health Educator;69
981;Javier;Steward;41
575;Javier;Laboratory Technician;47
403;Javier;Food Technologist;69
2869;Jayden;Business Broker;30
2856;Jayden;Doctor;58
2775;Jayden;Baker;16
2721;Jayden;Service Supervisor;10
2441;Jayden;Project Manager;44
2209;Jayden;HR Specialist;25
2192;Jayden;Insurance Broker;61
2011;Jayden;Electrician;22
1867;Jayden;Pharmacist;61
1362;Jayden;Fabricator;64
408;Jayden;Stockbroker;58
223;Jayden;Fabricator;16
170;Jayden;Loan Officer;27
2984;Jaylene;HR Coordinator;16
2671;Jaylene;CNC Operator;44
2419;Jaylene;HR Specialist;21
734;Jazmin;Bookkeeper;69
2845;Jenna;Clerk;10
2636;Jenna;Electrician;62
2499;Jenna;Bellman;27
2488;Jenna;Biologist;23
1238;Jenna;Executive Director;61
935;Jenna;Auditor;27
899;Jenna;Business Broker;11
1939;Jennifer;HR Coordinator;57
703;Jennifer;Stockbroker;13
2642;Jessica;Investment  Advisor;34
2323;Jessica;Project Manager;47
2289;Jessica;Bookkeeper;36
1526;Jessica;Pharmacist;30
1170;Jessica;Fabricator;33
930;Jessica;Associate Professor;30
756;Jessica;Baker;42
384;Jessica;Biologist;60
1517;Jocelyn;Cash Manager;60
586;Jocelyn;Pharmacist;28
2704;John;CNC Operator;25
2590;John;Software Engineer;65
2547;John;IT Support Staff;44
2535;John;Fabricator;62
2287;John;HR Specialist;53
1711;John;Bellman;63
1699;John;Machine Operator;12
1126;John;Stockbroker;31
1047;John;Investment  Advisor;55
659;John;Cook;10
515;John;Retail Trainee;51
2957;Johnathan;Service Supervisor;26
2849;Johnathan;Food Technologist;63
2827;Johnathan;Insurance Broker;38
2786;Johnathan;Mobile Developer;62
2740;Johnathan;Bellman;12
2693;Johnathan;Baker;16
2609;Johnathan;Biologist;12
2218;Johnathan;Restaurant Manager;21
1751;Johnathan;CNC Operator;55
1607;Johnathan;Electrician;67
1169;Johnathan;HR Specialist;11
1092;Johnathan;HR Specialist;65
796;Johnathan;Machine Operator;24
634;Johnathan;IT Support Staff;68
186;Johnathan;Bellman;57
106;Johnathan;Front Desk Coordinator;17
85;Johnathan;Healthcare Specialist;40
2638;Johnny;Electrician;36
2559;Johnny;Associate Professor;28
2395;Johnny;Fabricator;19
2377;Johnny;Dentist;39
2344;Johnny;Dentist;16
2267;Johnny;Ambulatory Nurse;23
2206;Johnny;Healthcare Specialist;58
2032;Johnny;Doctor;56
1936;Johnny;IT Support Staff;37
1803;Johnny;Cashier;20
1698;Johnny;Physician;25
1210;Johnny;Restaurant Manager;63
1105;Johnny;Web Developer;61
966;Johnny;Biologist;29
642;Johnny;Ambulatory Nurse;31
588;Johnny;HR Specialist;68
421;Johnny;Stockbroker;42
317;Johnny;Stockbroker;22
2261;Jolene;Executive Director;16
1689;Jolene;Bookkeeper;15
773;Jolene;Dentist;61
159;Jolene;Cash Manager;55
2977;Joseph;CNC Operator;23
2491;Joseph;Bellman;37
2031;Joseph;Production Painter;40
1895;Joseph;Dentist;53
1727;Joseph;Retail Trainee;58
1413;Joseph;Baker;35
1343;Joseph;Lecturer;64
1276;Joseph;Webmaster;16
383;Joseph;Designer;60
341;Joseph;Retail Trainee;66
261;Joseph;Stockbroker;24
189;Joseph;Accountant;25
19;Joseph;Food Technologist;48
1059;Josephine;Staffing Consultant;12
431;Josephine;Biologist;65
2613;Josh;Paramedic;46
2461;Josh;Biologist;31
2384;Josh;Loan Officer;23
2300;Josh;Steward;32
2231;Josh;HR Coordinator;23
2134;Josh;Global Logistics Supervisor;60
2129;Josh;Staffing Consultant;25
1865;Josh;Chef Manager;65
1392;Josh;Insurance Broker;55
1098;Josh;Project Manager;26
1025;Josh;Call Center Representative;52
901;Josh;Restaurant Manager;24
474;Josh;Web Developer;49
462;Josh;Steward;12
394;Josh;HR Coordinator;34
388;Josh;Bellman;25
306;Josh;Electrician;15
299;Josh;Project Manager;24
234;Josh;Pharmacist;11
117;Josh;Assistant Buyer;47
99;Josh;Project Manager;17
2316;Joy;Banker;21
2069;Joy;Insurance Broker;25
2399;Joyce;Mobile Developer;27
1674;Joyce;Ambulatory Nurse;54
1096;Joyce;Inspector;31
827;Joyce;Systems Administrator;45
22;Joyce;Call Center Representative;57
2904;Judith;Systems Administrator;30
1593;Judith;Accountant;67
126;Judith;Physician;42
2912;Jules;Mobile Developer;26
2781;Jules;Ambulatory Nurse;63
2342;Jules;Service Supervisor;65
2146;Jules;Fabricator;68
1463;Jules;Front Desk Coordinator;48
1109;Jules;Retail Trainee;12
640;Jules;Paramedic;28
2832;Julia;Call Center Representative;46
1589;Julia;IT Support Staff;10
795;Julia;Investment  Advisor;30
315;Julia;Business Broker;41
2993;Julian;Loan Officer;12
2992;Julian;Systems Administrator;28
2981;Julian;Cook;52
2737;Julian;Biologist;57
2664;Julian;Executive Director;28
2490;Julian;Banker;65
2139;Julian;Health Educator;34
1708;Julian;Accountant;46
1275;Julian;Pharmacist;21
1161;Julian;Cash Manager;61
797;Julian;IT Support Staff;55
639;Julian;Health Educator;23
492;Julian;Health Educator;63
255;Julian;Electrician;10
142;Julian;Software Engineer;60
71;Julian;Doctor;41
39;Julian;Investment  Advisor;16
1881;Julianna;Cashier;55
1231;Julianna;Machine Operator;13
937;Julianna;Systems Administrator;68
2793;Juliet;Systems Administrator;32
2605;Juliet;Laboratory Technician;57
1931;Juliet;Webmaster;17
1762;Juliet;Cook;16
839;Juliet;Cashier;34
2666;Juliette;Retail Trainee;64
2541;Juliette;Budget Analyst;52
2293;Juliette;Lecturer;66
1185;Juliette;Business Broker;69
898;Juliette;Ambulatory Nurse;50
2860;Julius;Food Technologist;28
2797;Julius;HR Coordinator;33
2720;Julius;Front Desk Coordinator;26
2637;Julius;Food Technologist;10
2588;Julius;Cook;27
2309;Julius;Health Educator;63
2233;Julius;Webmaster;63
1709;Julius;Systems Administrator;55
1679;Julius;Accountant;58
1455;Julius;Steward;44
1383;Julius;HR Coordinator;32
1310;Julius;Healthcare Specialist;43
1028;Julius;Ambulatory Nurse;61
775;Julius;Operator;60
392;Julius;Machine Operator;10
276;Julius;Bookkeeper;67
38;Julius;Health Educator;59
24;Julius;Inspector;42
2092;Kamila;Project Manager;12
2009;Kamila;Designer;45
629;Kamila;Stockbroker;17
442;Kamila;Service Supervisor;68
312;Kamila;Clerk;48
281;Kamila;Restaurant Manager;54
2465;Karen;Ambulatory Nurse;39
806;Karen;Cook;51
247;Karen;Bookkeeper;45
2939;Karla;Assistant Buyer;37
2375;Karla;Insurance Broker;68
1796;Karla;Budget Analyst;51
1761;Karla;Bellman;51
800;Karla;Machine Operator;47
755;Kassandra;Treasurer;17
682;Kassandra;Project Manager;65
2268;Kate;Fabricator;51
1367;Kate;IT Support Staff;21
978;Kate;Paramedic;65
131;Kate;Service Supervisor;33
2886;Katelyn;Bookkeeper;13
931;Katelyn;Healthcare Specialist;20
259;Katelyn;Health Educator;30
7;Katelyn;Insurance Broker;14
409;Kaylee;Call Center Representative;60
134;Kaylee;Biologist;31
80;Kaylee;Mobile Developer;42
2625;Keira;Doctor;51
1868;Keira;Health Educator;49
1037;Keira;Audiologist;11
2861;Kendra;Cash Manager;13
2469;Kendra;Health Educator;67
1962;Kendra;IT Support Staff;27
1782;Kendra;Laboratory Technician;67
1743;Kendra;Project Manager;64
1681;Kendra;Healthcare Specialist;66
1163;Kendra;Doctor;64
912;Kendra;Design Engineer;67
309;Kendra;Retail Trainee;10
2544;Kenzie;Fabricator;36
1671;Kenzie;Design Engineer;45
1315;Kenzie;Budget Analyst;69
1200;Kenzie;Inspector;50
903;Kenzie;Web Developer;25
538;Kenzie;Cook;69
447;Kenzie;Operator;43
2949;Kieth;Service Supervisor;33
2908;Kieth;Bookkeeper;23
2785;Kieth;Food Technologist;41
2073;Kieth;Food Technologist;65
1878;Kieth;Biologist;32
1654;Kieth;Call Center Representative;69
1602;Kieth;Fabricator;52
1030;Kieth;Investment  Advisor;58
624;Kieth;Retail Trainee;19
438;Kieth;Clerk;31
95;Kieth;Insurance Broker;16
2749;Kimberly;Systems Administrator;35
2679;Kimberly;Cash Manager;68
351;Kimberly;Production Painter;32
996;Kirsten;Designer;34
2954;Kurt;Audiologist;43
2812;Kurt;Executive Director;35
2622;Kurt;HR Specialist;34
2459;Kurt;Service Supervisor;40
2051;Kurt;Baker;35
1861;Kurt;Web Developer;22
1857;Kurt;Bookkeeper;53
1836;Kurt;Fabricator;57
1673;Kurt;Inspector;20
1600;Kurt;Staffing Consultant;28
1336;Kurt;Mobile Developer;54
1295;Kurt;Cashier;41
1134;Kurt;Doctor;19
1100;Kurt;Design Engineer;41
1006;Kurt;Cash Manager;19
932;Kurt;Banker;21
706;Kurt;Treasurer;33
604;Kurt;Insurance Broker;37
490;Kurt;Cash Manager;38
434;Kurt;Treasurer;47
199;Kurt;Cash Manager;20
21;Kurt;Designer;28
2048;Laila;Inspector;23
1319;Laila;Designer;10
1244;Laila;IT Support Staff;19
662;Laila;Front Desk Coordinator;65
2918;Lana;Loan Officer;29
1886;Lana;Cash Manager;43
1758;Lana;Business Broker;29
2417;Lara;Cook;58
1927;Lara;Dentist;10
1532;Lara;Auditor;30
1206;Lara;Fabricator;49
2396;Lauren;Global Logistics Supervisor;19
1741;Lauren;Food Technologist;39
587;Lauren;Staffing Consultant;10
381;Leah;HR Coordinator;53
2310;Leanne;Steward;12
2010;Leanne;Healthcare Specialist;29
68;Leanne;Project Manager;48
2540;Leilani;Bookkeeper;54
2386;Leilani;Dentist;67
2385;Leilani;Insurance Broker;46
2337;Leilani;Doctor;31
1914;Leilani;Electrician;36
1619;Leilani;Stockbroker;27
1503;Leilani;Cashier;47
1439;Leilani;Webmaster;13
246;Leilani;Loan Officer;26
2948;Leroy;Inspector;53
2909;Leroy;Business Broker;31
2701;Leroy;Production Painter;29
2297;Leroy;Restaurant Manager;41
2094;Leroy;HR Coordinator;36
1893;Leroy;Webmaster;14
1652;Leroy;Loan Officer;64
1646;Leroy;Mobile Developer;38
1567;Leroy;Baker;26
1559;Leroy;Bellman;50
1444;Leroy;Steward;53
1345;Leroy;Laboratory Technician;55
1020;Leroy;HR Coordinator;40
831;Leroy;Bellman;36
812;Leroy;HR Coordinator;14
701;Leroy;Insurance Broker;60
693;Leroy;Laboratory Technician;37
691;Leroy;Auditor;15
485;Leroy;Chef Manager;60
429;Leroy;Biologist;67
303;Leroy;Steward;60
2259;Leslie;Bookkeeper;61
719;Leslie;Audiologist;66
2978;Lexi;Loan Officer;22
1270;Lexi;Design Engineer;51
500;Lexi;Mobile Developer;69
2688;Liam;Health Educator;65
2369;Liam;HR Coordinator;69
2360;Liam;Production Painter;53
2156;Liam;Loan Officer;58
1959;Liam;Global Logistics Supervisor;62
1771;Liam;Systems Administrator;68
1571;Liam;Loan Officer;69
1332;Liam;CNC Operator;46
1033;Liam;Biologist;62
924;Liam;Bellman;65
882;Liam;Loan Officer;67
859;Liam;Auditor;37
472;Liam;Restaurant Manager;43
82;Liam;Staffing Consultant;19
428;Liliana;Healthcare Specialist;38
236;Liliana;Associate Professor;43
97;Liliana;Operator;39
2994;Lillian;Dentist;21
2466;Lillian;Accountant;69
1943;Lillian;Food Technologist;45
1739;Lillian;Design Engineer;13
1460;Lillian;Insurance Broker;58
124;Lillian;Business Broker;14
1870;Lily;Cook;17
1706;Lily;Banker;65
1472;Lily;Chef Manager;24
1212;Lily;HR Coordinator;42
918;Lily;Treasurer;58
817;Lily;Lecturer;59
505;Lily;Treasurer;54
361;Lily;Clerk;28
1292;Lindsay;Investment  Advisor;34
695;Lindsay;Inspector;15
655;Lindsay;Machine Operator;56
2624;Liv;Cash Manager;16
2446;Liv;Auditor;63
1798;Liv;Call Center Representative;58
473;Liv;Machine Operator;66
375;Liv;Paramedic;24
67;Liv;Inspector;13
44;Liv;Executive Director;38
2789;Livia;Insurance Broker;44
2189;Livia;Bookkeeper;38
702;Livia;Cashier;21
451;Livia;Clerk;41
2959;Logan;Auditor;66
2829;Logan;Design Engineer;23
2651;Logan;Production Painter;56
1966;Logan;Front Desk Coordinator;25
1778;Logan;Auditor;55
1511;Logan;Food Technologist;41
1358;Logan;Mobile Developer;19
1205;Logan;IT Support Staff;60
1022;Logan;Service Supervisor;59
858;Logan;Biologist;18
841;Logan;Mobile Developer;29
674;Logan;Project Manager;12
546;Logan;Pharmacist;64
493;Logan;Clerk;44
145;Logan;Treasurer;43
118;Logan;Executive Director;36
102;Logan;IT Support Staff;13
12;Logan;Mobile Developer;68
2527;Lorraine;IT Support Staff;21
2271;Lorraine;Cash Manager;21
2114;Lorraine;Food Technologist;63
1980;Lorraine;Auditor;27
1331;Lorraine;Food Technologist;36
1302;Lorraine;Loan Officer;43
628;Lorraine;Business Broker;18
1802;Louise;Stockbroker;45
2717;Lucas;Webmaster;65
2643;Lucas;Accountant;67
2549;Lucas;Ambulatory Nurse;28
2498;Lucas;Lecturer;21
2454;Lucas;Chef Manager;55
2383;Lucas;IT Support Staff;65
2373;Lucas;Retail Trainee;54
2275;Lucas;Budget Analyst;64
2155;Lucas;Bookkeeper;28
1838;Lucas;Associate Professor;64
1779;Lucas;Audiologist;38
1658;Lucas;Design Engineer;15
1191;Lucas;Inspector;48
1104;Lucas;Executive Director;33
1019;Lucas;Electrician;67
1001;Lucas;Retail Trainee;29
973;Lucas;Software Engineer;35
851;Lucas;Biologist;50
623;Lucas;Designer;18
547;Lucas;Software Engineer;16
371;Lucas;Audiologist;21
327;Lucas;Steward;69
245;Lucas;Business Broker;14
187;Lucas;Biologist;34
2131;Lucy;Webmaster;41
1340;Lucy;Physician;13
739;Lucy;Chef Manager;16
390;Lucy;Assistant Buyer;15
2913;Luke;Bellman;55
2910;Luke;Systems Administrator;56
2876;Luke;Software Engineer;41
2729;Luke;Bellman;68
2505;Luke;Treasurer;51
2471;Luke;Auditor;68
1982;Luke;Cash Manager;50
1883;Luke;Associate Professor;20
1499;Luke;Fabricator;34
1014;Luke;Software Engineer;18
883;Luke;Accountant;66
645;Luke;Associate Professor;19
463;Luke;Health Educator;51
364;Luke;Global Logistics Supervisor;31
356;Luke;Mobile Developer;60
181;Luke;Web Developer;18
113;Luke;Operator;34
2852;Luna;Call Center Representative;21
2532;Luna;Auditor;69
2182;Luna;Insurance Broker;46
551;Luna;Associate Professor;47
2072;Lynn;HR Specialist;36
1990;Lynn;Doctor;54
1201;Lynn;HR Coordinator;14
1669;Mabel;IT Support Staff;16
694;Mabel;Dentist;33
2854;Mackenzie;Pharmacist;14
2705;Mackenzie;Associate Professor;19
2523;Mackenzie;Assistant Buyer;57
2016;Mackenzie;Investment  Advisor;39
1624;Mackenzie;Design Engineer;42
191;Mackenzie;Cash Manager;60
2565;Macy;Project Manager;61
2518;Macy;Accountant;35
1616;Macy;Steward;11
953;Macy;Bellman;11
2154;Maddison;Bookkeeper;21
1002;Maddison;Paramedic;41
646;Maddison;Electrician;66
84;Maddison;Electrician;38
2899;Madelyn;Insurance Broker;55
2052;Madelyn;Physician;35
1777;Madelyn;Food Technologist;11
1487;Madelyn;Ambulatory Nurse;48
1438;Madelyn;Associate Professor;44
257;Madelyn;Clerk;68
2329;Madison;Laboratory Technician;34
2761;Maggie;Laboratory Technician;20
2478;Maia;Front Desk Coordinator;42
2039;Maia;Executive Director;27
1082;Maia;Webmaster;15
1825;Makena;Global Logistics Supervisor;12
2662;Makenzie;HR Specialist;15
2368;Makenzie;Banker;42
1204;Makenzie;Paramedic;33
885;Makenzie;Audiologist;19
503;Makenzie;Staffing Consultant;51
321;Makenzie;Production Painter;21
173;Makenzie;Banker;11
2818;Mandy;Production Painter;63
2042;Mandy;Audiologist;38
1226;Mandy;Biologist;38
894;Mandy;Retail Trainee;27
2960;Manuel;Laboratory Technician;67
2933;Manuel;Treasurer;39
2657;Manuel;Health Educator;14
2606;Manuel;Production Painter;63
2582;Manuel;Associate Professor;55
2429;Manuel;Bellman;50
2411;Manuel;Restaurant Manager;56
2295;Manuel;Project Manager;61
2108;Manuel;Pharmacist;18
1920;Manuel;Investment  Advisor;59
1874;Manuel;Associate Professor;31
1223;Manuel;Auditor;22
1209;Manuel;Fabricator;57
745;Manuel;Investment  Advisor;34
593;Manuel;Physician;10
488;Manuel;Operator;35
353;Manuel;Biologist;36
2988;Mara;Auditor;64
2844;Mara;Doctor;60
2696;Mara;Associate Professor;36
2580;Mara;Auditor;59
2161;Mara;Dentist;33
1372;Mara;Inspector;46
1171;Mara;Loan Officer;52
948;Mara;Mobile Developer;29
565;Mara;Laboratory Technician;55
498;Mara;Business Broker;67
277;Mara;Global Logistics Supervisor;43
40;Mara;Auditor;27
1712;Margaret;Auditor;28
1318;Margaret;CNC Operator;16
411;Margaret;Cash Manager;41
2956;Margot;Inspector;40
776;Margot;Service Supervisor;29
441;Margot;Clerk;54
2593;Maria;Operator;29
2438;Maria;Service Supervisor;19
1108;Maria;Clerk;45
2516;Maribel;Call Center Representative;29
2086;Maribel;Stockbroker;33
1979;Maribel;Paramedic;31
1379;Maribel;Biologist;60
754;Maribel;Business Broker;41
699;Maribel;Treasurer;65
256;Maribel;Global Logistics Supervisor;38
3;Maribel;Fabricator;54
1823;Marie;Doctor;22
1929;Marigold;Laboratory Technician;36
1157;Marigold;Paramedic;18
2841;Marilyn;Doctor;36
1192;Marilyn;Steward;15
2774;Marina;Electrician;16
1835;Marina;Cash Manager;13
1493;Marina;Mobile Developer;45
2703;Marissa;Physician;51
2185;Marissa;Clerk;58
1892;Marissa;Health Educator;25
1813;Marissa;Stockbroker;16
1076;Marissa;Dentist;24
1070;Marissa;Laboratory Technician;20
2254;Marjorie;Paramedic;28
1430;Marjorie;Web Developer;53
1364;Marjorie;Baker;49
962;Marjorie;Auditor;34
238;Marjorie;Clerk;28
52;Marjorie;Production Painter;62
2897;Mark;HR Coordinator;34
2723;Mark;Software Engineer;39
2515;Mark;Cook;47
2486;Mark;Baker;30
2249;Mark;Webmaster;41
2193;Mark;Mobile Developer;48
2171;Mark;Cashier;11
1879;Mark;Machine Operator;43
1545;Mark;Bellman;67
1515;Mark;Baker;34
1418;Mark;Designer;29
1370;Mark;Operator;45
1027;Mark;Inspector;31
866;Mark;Project Manager;11
456;Mark;Project Manager;46
325;Mark;Operator;34
293;Mark;Health Educator;67
260;Mark;Production Painter;62
2246;Marla;Physician;12
1467;Marla;Biologist;23
252;Marla;Web Developer;10
2714;Martha;Operator;27
1745;Martha;Systems Administrator;31
154;Martha;Physician;27
2414;Martin;Ambulatory Nurse;39
2091;Martin;Retail Trainee;60
1290;Martin;Lecturer;65
1075;Martin;Doctor;54
991;Martin;Fabricator;61
886;Martin;Insurance Broker;24
572;Martin;Physician;57
320;Martin;Front Desk Coordinator;14
123;Martin;Steward;20
10;Martin;Ambulatory Nurse;11
2873;Marvin;Accountant;69
2746;Marvin;Global Logistics Supervisor;62
2464;Marvin;Retail Trainee;14
1993;Marvin;Baker;51
1833;Marvin;Executive Director;40
1580;Marvin;Loan Officer;33
1470;Marvin;Front Desk Coordinator;64
1432;Marvin;Clerk;40
1431;Marvin;Project Manager;65
1419;Marvin;Audiologist;56
1337;Marvin;Stockbroker;19
1246;Marvin;Web Developer;45
1087;Marvin;Budget Analyst;22
965;Marvin;Production Painter;64
708;Marvin;Front Desk Coordinator;41
631;Marvin;Pharmacist;41
535;Marvin;Banker;28
518;Marvin;Auditor;13
424;Marvin;Banker;55
376;Marvin;Service Supervisor;35
291;Marvin;Mobile Developer;43
152;Marvin;Clerk;66
81;Marvin;Front Desk Coordinator;61
36;Marvin;Staffing Consultant;18
1922;Mary;Accountant;62
1129;Mary;Fabricator;36
968;Mary;Clerk;22
213;Mary;Assistant Buyer;17
2952;Mason;Machine Operator;50
2546;Mason;Pharmacist;53
2390;Mason;Project Manager;37
2127;Mason;Project Manager;64
1464;Mason;Business Broker;29
1278;Mason;Ambulatory Nurse;35
1175;Mason;CNC Operator;56
1144;Mason;Cashier;34
1122;Mason;CNC Operator;14
1057;Mason;Restaurant Manager;42
1012;Mason;Lecturer;68
748;Mason;Pharmacist;48
540;Mason;Machine Operator;39
513;Mason;Retail Trainee;34
342;Mason;HR Specialist;52
109;Mason;Cook;20
107;Mason;Audiologist;32
2944;Matt;Mobile Developer;26
2922;Matt;Front Desk Coordinator;53
2857;Matt;Design Engineer;11
2423;Matt;Budget Analyst;63
1755;Matt;Staffing Consultant;54
1485;Matt;Associate Professor;45
1411;Matt;Health Educator;10
1347;Matt;Business Broker;46
1203;Matt;Electrician;14
1083;Matt;Business Broker;55
696;Matt;Stockbroker;43
550;Matt;Investment  Advisor;35
510;Matt;Associate Professor;51
385;Matt;Pharmacist;14
363;Matt;Service Supervisor;33
253;Matt;Banker;42
92;Matt;Web Developer;58
49;Matt;Web Developer;49
2294;Matthew;Web Developer;58
2221;Matthew;Physician;17
2103;Matthew;Design Engineer;65
1680;Matthew;Operator;66
1618;Matthew;Lecturer;63
1549;Matthew;Paramedic;38
1306;Matthew;HR Coordinator;14
1198;Matthew;Stockbroker;62
1168;Matthew;Webmaster;62
1079;Matthew;Dentist;41
884;Matthew;Associate Professor;62
856;Matthew;Baker;52
603;Matthew;Inspector;36
476;Matthew;Loan Officer;53
452;Matthew;Electrician;18
2661;Mavis;Global Logistics Supervisor;48
2379;Mavis;Biologist;12
2312;Mavis;Paramedic;21
1820;Mavis;Business Broker;62
1496;Mavis;Cash Manager;29
992;Mavis;Systems Administrator;59
714;Mavis;HR Specialist;49
2804;Maxwell;Cashier;53
2791;Maxwell;Dentist;62
2758;Maxwell;Fabricator;60
2741;Maxwell;Systems Administrator;54
2299;Maxwell;Dentist;29
1913;Maxwell;Production Painter;25
1797;Maxwell;Global Logistics Supervisor;32
1552;Maxwell;Dentist;32
1077;Maxwell;Treasurer;46
1045;Maxwell;Cook;58
830;Maxwell;Designer;38
609;Maxwell;Paramedic;32
533;Maxwell;Health Educator;42
368;Maxwell;HR Coordinator;29
339;Maxwell;Bookkeeper;23
216;Maxwell;Global Logistics Supervisor;12
179;Maxwell;Machine Operator;33
72;Maxwell;Banker;58
9;Maxwell;Insurance Broker;29
433;Maya;Webmaster;44
359;Maya;Accountant;58
239;Maya;Biologist;63
2689;Mayleen;Lecturer;36
2003;Mayleen;Chef Manager;51
1986;Mayleen;Paramedic;55
1354;Mayleen;Food Technologist;47
654;Mayleen;Budget Analyst;62
2098;Megan;Cashier;20
1941;Melania;Retail Trainee;55
1843;Melania;Executive Director;40
1828;Melania;Food Technologist;61
944;Melania;Staffing Consultant;64
686;Melania;Laboratory Technician;24
334;Melania;Retail Trainee;42
121;Melania;Investment  Advisor;44
2197;Melanie;Staffing Consultant;35
2066;Melanie;Machine Operator;66
1972;Melanie;Clerk;53
298;Melanie;Mobile Developer;64
2890;Melinda;Global Logistics Supervisor;64
2362;Melinda;HR Coordinator;25
1748;Melinda;HR Specialist;47
1003;Melinda;Designer;45
270;Melinda;Associate Professor;48
2112;Melody;Software Engineer;65
984;Melody;Steward;22
1159;Meredith;Executive Director;58
539;Meredith;Staffing Consultant;21
2943;Michael;Health Educator;43
2874;Michael;Business Broker;53
2826;Michael;Physician;44
2633;Michael;Front Desk Coordinator;15
2597;Michael;Web Developer;60
2311;Michael;IT Support Staff;38
2190;Michael;Clerk;64
2170;Michael;Service Supervisor;17
2116;Michael;Paramedic;21
2013;Michael;IT Support Staff;48
2002;Michael;Systems Administrator;53
1862;Michael;Lecturer;33
1700;Michael;Bellman;35
1644;Michael;Design Engineer;27
1540;Michael;Doctor;21
897;Michael;Banker;63
749;Michael;Loan Officer;68
668;Michael;Ambulatory Nurse;45
225;Michael;Biologist;60
1068;Michaela;Laboratory Technician;37
559;Michaela;Executive Director;62
2968;Michelle;Physician;33
2795;Michelle;Clerk;21
2708;Michelle;Baker;13
1985;Michelle;Treasurer;39
402;Michelle;Fabricator;19
2892;Mike;Pharmacist;17
2878;Mike;Treasurer;37
2867;Mike;HR Coordinator;68
2842;Mike;Associate Professor;31
2769;Mike;Systems Administrator;38
2437;Mike;Investment  Advisor;57
2313;Mike;Executive Director;15
2290;Mike;Healthcare Specialist;66
2062;Mike;Service Supervisor;19
1655;Mike;Associate Professor;36
1601;Mike;Audiologist;20
1478;Mike;Audiologist;37
1462;Mike;Systems Administrator;53
921;Mike;HR Coordinator;31
891;Mike;Biologist;42
491;Mike;Cash Manager;55
352;Mike;Project Manager;43
337;Mike;Clerk;36
116;Miley;Dentist;28
672;Mina;Pharmacist;37
304;Miriam;Physician;50
1308;Moira;Ambulatory Nurse;48
650;Moira;Front Desk Coordinator;67
218;Moira;Banker;42
1808;Molly;Doctor;48
1229;Molly;Paramedic;41
1084;Molly;Pharmacist;29
986;Molly;Assistant Buyer;54
592;Molly;Systems Administrator;35
404;Molly;Software Engineer;65
2934;Mona;Assistant Buyer;25
2055;Mona;Physician;45
1859;Mona;Cash Manager;25
782;Mona;Clerk;40
2757;Monica;Cook;57
2483;Monica;Ambulatory Nurse;15
1612;Monica;HR Specialist;36
426;Monica;Restaurant Manager;39
205;Monica;Baker;16
203;Monica;Service Supervisor;22
1736;Morgan;Operator;14
420;Morgan;Chef Manager;12
357;Morgan;Banker;13
269;Morgan;Cash Manager;56
1320;Mya;Paramedic;44
271;Mya;Business Broker;26
2971;Nancy;Machine Operator;60
2833;Nancy;Front Desk Coordinator;58
1649;Nancy;CNC Operator;66
1574;Nancy;Cash Manager;38
889;Nancy;Audiologist;56
633;Nancy;Laboratory Technician;57
91;Nancy;Global Logistics Supervisor;16
2571;Naomi;Investment  Advisor;23
2049;Naomi;Insurance Broker;20
1277;Naomi;Global Logistics Supervisor;53
824;Naomi;Production Painter;11
585;Naomi;Health Educator;22
2578;Natalie;Web Developer;12
2552;Natalie;Bookkeeper;28
1085;Natalie;Steward;31
578;Natalie;Staffing Consultant;66
531;Natalie;CNC Operator;35
2802;Nate;Audiologist;44
2764;Nate;Production Painter;47
2335;Nate;Web Developer;51
2119;Nate;Stockbroker;51
2040;Nate;Cashier;40
1558;Nate;Physician;45
1409;Nate;Project Manager;37
1286;Nate;CNC Operator;47
874;Nate;Web Developer;31
594;Nate;Production Painter;60
566;Nate;Web Developer;36
435;Nate;Electrician;49
204;Nate;Investment  Advisor;50
23;Nate;Loan Officer;49
2685;Nathan;Investment  Advisor;38
2614;Nathan;Loan Officer;11
2586;Nathan;Paramedic;41
2432;Nathan;Systems Administrator;66
2070;Nathan;Business Broker;16
1948;Nathan;HR Coordinator;45
1809;Nathan;Auditor;61
1533;Nathan;Audiologist;60
1449;Nathan;Physician;26
1164;Nathan;Pharmacist;34
1116;Nathan;Design Engineer;61
832;Nathan;Production Painter;21
718;Nathan;HR Specialist;38
692;Nathan;Software Engineer;43
667;Nathan;Fabricator;23
618;Nathan;HR Specialist;39
479;Nathan;Lecturer;29
419;Nathan;Cash Manager;25
241;Nathan;HR Specialist;22
158;Nathan;Production Painter;44
5;Nathan;Bookkeeper;61
2996;Nicholas;Auditor;18
2990;Nicholas;Biologist;22
2837;Nicholas;Web Developer;50
2567;Nicholas;Bookkeeper;21
2564;Nicholas;Biologist;41
2545;Nicholas;Budget Analyst;67
2493;Nicholas;Fabricator;61
2202;Nicholas;Clerk;42
2128;Nicholas;Biologist;26
1965;Nicholas;Food Technologist;58
1686;Nicholas;Inspector;38
1565;Nicholas;Design Engineer;17
1530;Nicholas;Designer;21
1434;Nicholas;Inspector;69
1061;Nicholas;Steward;32
945;Nicholas;Associate Professor;32
785;Nicholas;Insurance Broker;14
296;Nicholas;Audiologist;45
16;Nicholas;Operator;38
2930;Nick;Investment  Advisor;28
2332;Nick;Steward;41
2118;Nick;Laboratory Technician;48
2105;Nick;Machine Operator;49
2035;Nick;Steward;61
1956;Nick;Project Manager;27
1734;Nick;Mobile Developer;50
1573;Nick;Investment  Advisor;35
1513;Nick;Bellman;47
1285;Nick;Biologist;58
1216;Nick;Pharmacist;67
1051;Nick;Budget Analyst;37
970;Nick;Inspector;64
904;Nick;Systems Administrator;60
663;Nick;HR Coordinator;51
534;Nick;Assistant Buyer;34
79;Nick;Business Broker;25
939;Nicole;Steward;10
2928;Nina;Assistant Buyer;46
2598;Nina;Bookkeeper;21
1964;Nina;Healthcare Specialist;48
1814;Nina;Software Engineer;64
1737;Nina;Biologist;27
2700;Noah;Software Engineer;36
2420;Noah;Mobile Developer;29
1903;Noah;Service Supervisor;50
1804;Noah;Cash Manager;15
1749;Noah;Cashier;12
1740;Noah;Web Developer;23
1598;Noah;Audiologist;47
1448;Noah;Accountant;44
1026;Noah;Mobile Developer;58
761;Noah;Machine Operator;59
235;Noah;CNC Operator;34
192;Noah;Paramedic;42
120;Noah;Ambulatory Nurse;52
2683;Noemi;Inspector;43
2388;Noemi;Electrician;15
2027;Noemi;Stockbroker;52
61;Noemi;Call Center Representative;32
2838;Norah;Business Broker;31
2378;Norah;Banker;40
1896;Norah;Assistant Buyer;33
1323;Norah;Machine Operator;15
917;Norah;Operator;54
861;Norah;Loan Officer;43
466;Norah;Design Engineer;45
3000;Oliver;Cash Manager;40
2924;Oliver;Loan Officer;13
2513;Oliver;Stockbroker;61
2256;Oliver;IT Support Staff;31
2023;Oliver;Executive Director;33
1911;Oliver;Bellman;55
1792;Oliver;HR Specialist;57
1599;Oliver;Webmaster;51
1583;Oliver;Clerk;38
1207;Oliver;Software Engineer;10
1165;Oliver;Ambulatory Nurse;52
1054;Oliver;Auditor;38
926;Oliver;Stockbroker;20
665;Oliver;Stockbroker;59
597;Oliver;IT Support Staff;29
507;Oliver;Production Painter;43
1;Oliver;Food Technologist;14
2754;Olivia;Biologist;54
2504;Olivia;Cash Manager;34
1360;Olivia;HR Specialist;61
336;Olivia;Bellman;51
2967;Owen;Bookkeeper;43
2906;Owen;Pharmacist;53
2607;Owen;IT Support Staff;32
2526;Owen;Auditor;24
2475;Owen;Healthcare Specialist;23
2418;Owen;Healthcare Specialist;37
2247;Owen;Inspector;56
1933;Owen;Web Developer;14
1800;Owen;Budget Analyst;40
1697;Owen;Mobile Developer;20
1166;Owen;Investment  Advisor;47
985;Owen;Healthcare Specialist;27
975;Owen;Design Engineer;45
809;Owen;Cashier;18
335;Owen;Cash Manager;26
217;Owen;Bookkeeper;47
143;Owen;Inspector;16
75;Owen;Call Center Representative;52
6;Owen;Retail Trainee;37
2064;Paige;Cook;17
1048;Paige;Inspector;48
2932;Parker;Accountant;64
2279;Parker;Global Logistics Supervisor;68
1633;Parker;IT Support Staff;27
1317;Parker;Budget Analyst;50
105;Parker;Treasurer;33
2269;Paula;Baker;37
1756;Paula;Stockbroker;59
1133;Paula;Ambulatory Nurse;44
457;Paula;Machine Operator;61
406;Paula;Accountant;25
153;Paula;Project Manager;33
2142;Payton;Doctor;34
1897;Payton;Service Supervisor;42
1443;Payton;Fabricator;13
644;Payton;Business Broker;51
156;Payton;Fabricator;37
2868;Penelope;Food Technologist;31
2560;Penelope;Inspector;63
1983;Penelope;Software Engineer;18
519;Penelope;Cash Manager;63
2480;Penny;Loan Officer;36
1721;Penny;Project Manager;60
1177;Penny;Banker;12
273;Penny;Operator;15
2961;Percy;Healthcare Specialist;28
2902;Percy;Stockbroker;25
2750;Percy;Designer;13
2508;Percy;Dentist;41
2282;Percy;Electrician;29
2168;Percy;Accountant;67
1830;Percy;Machine Operator;69
1822;Percy;Software Engineer;53
1735;Percy;Fabricator;19
1509;Percy;Designer;32
1494;Percy;Budget Analyst;51
871;Percy;Steward;12
596;Percy;Web Developer;28
504;Percy;Restaurant Manager;59
460;Percy;Associate Professor;22
233;Percy;Retail Trainee;60
155;Percy;Production Painter;26
2929;Peter;Treasurer;61
2835;Peter;Budget Analyst;12
2813;Peter;Lecturer;22
2635;Peter;Front Desk Coordinator;41
2442;Peter;Design Engineer;49
1732;Peter;Auditor;38
1507;Peter;Fabricator;26
1399;Peter;Project Manager;40
1296;Peter;Stockbroker;28
1258;Peter;Treasurer;27
936;Peter;Cash Manager;67
670;Peter;Budget Analyst;28
636;Peter;Executive Director;48
606;Peter;Service Supervisor;30
47;Peter;Doctor;49
2370;Peyton;Service Supervisor;59
1768;Peyton;Lecturer;28
794;Peyton;Front Desk Coordinator;14
774;Peyton;Retail Trainee;68
683;Peyton;Budget Analyst;64
648;Peyton;Baker;60
2970;Phillip;Lecturer;31
2806;Phillip;Accountant;69
2570;Phillip;Loan Officer;67
2126;Phillip;Associate Professor;30
2076;Phillip;Investment  Advisor;69
2034;Phillip;Staffing Consultant;64
2014;Phillip;Banker;43
2008;Phillip;Executive Director;65
1817;Phillip;Dentist;54
1784;Phillip;Lecturer;38
1491;Phillip;Laboratory Technician;45
1456;Phillip;Designer;11
1309;Phillip;Systems Administrator;12
1267;Phillip;Cook;53
1073;Phillip;Baker;63
1052;Phillip;Bookkeeper;66
1041;Phillip;CNC Operator;61
1029;Phillip;Healthcare Specialist;22
952;Phillip;IT Support Staff;33
819;Phillip;Stockbroker;38
626;Phillip;Investment  Advisor;14
580;Phillip;Mobile Developer;29
511;Phillip;Pharmacist;30
264;Phillip;Cash Manager;14
51;Phillip;Retail Trainee;20
2663;Phoebe;Biologist;21
2361;Phoebe;Assistant Buyer;30
2050;Phoebe;Inspector;58
302;Phoebe;Systems Administrator;52
1687;Piper;Mobile Developer;17
994;Piper;Web Developer;30
2365;Priscilla;Lecturer;50
2333;Priscilla;Webmaster;44
425;Priscilla;Designer;48
206;Priscilla;HR Specialist;23
2836;Quinn;Global Logistics Supervisor;57
2529;Quinn;Physician;34
732;Rachael;Accountant;15
584;Rachael;Loan Officer;32
1723;Rae;Budget Analyst;12
1664;Rae;Dentist;38
730;Rae;Treasurer;28
194;Rae;Audiologist;12
2914;Ramon;Software Engineer;19
2889;Ramon;Auditor;50
2595;Ramon;Accountant;39
2479;Ramon;Service Supervisor;13
2356;Ramon;Budget Analyst;11
1722;Ramon;Production Painter;43
1663;Ramon;Pharmacist;20
1547;Ramon;Design Engineer;60
1287;Ramon;Biologist;35
1179;Ramon;Cash Manager;64
840;Ramon;Doctor;16
100;Ramon;Front Desk Coordinator;14
2699;Raquel;Auditor;14
2581;Raquel;Webmaster;60
1063;Raquel;Call Center Representative;18
1829;Rebecca;Restaurant Manager;60
1581;Rebecca;Health Educator;56
1501;Rebecca;CNC Operator;61
867;Rebecca;Project Manager;38
2262;Regina;Baker;55
1427;Regina;Service Supervisor;49
1064;Regina;CNC Operator;60
180;Regina;Steward;62
1388;Remy;Laboratory Technician;66
1130;Remy;Associate Professor;69
176;Remy;Banker;38
1930;Renee;Biologist;33
1017;Renee;Design Engineer;51
972;Renee;CNC Operator;42
872;Renee;Cash Manager;52
528;Renee;Doctor;47
157;Renee;IT Support Staff;68
2895;Rhea;Stockbroker;64
2579;Rhea;Biologist;28
1650;Rhea;Bellman;17
140;Rhea;Pharmacist;21
2986;Rick;Treasurer;57
2893;Rick;Fabricator;32
2759;Rick;Machine Operator;66
2451;Rick;Front Desk Coordinator;50
2363;Rick;Service Supervisor;13
2124;Rick;Stockbroker;28
2018;Rick;Assistant Buyer;17
1746;Rick;Lecturer;68
1423;Rick;Production Painter;12
955;Rick;Front Desk Coordinator;23
786;Rick;Bellman;22
2556;Rihanna;Global Logistics Supervisor;33
2509;Rihanna;Biologist;16
2382;Rihanna;Investment  Advisor;13
2566;Rita;Mobile Developer;61
367;Rita;Lecturer;50
2130;Robyn;Call Center Representative;43
834;Robyn;Baker;49
2951;Rocco;Global Logistics Supervisor;25
2946;Rocco;Business Broker;55
2828;Rocco;Lecturer;16
2649;Rocco;Banker;39
2410;Rocco;Treasurer;57
2326;Rocco;Designer;33
2020;Rocco;Designer;42
1910;Rocco;Retail Trainee;41
1769;Rocco;Chef Manager;65
1754;Rocco;Baker;23
1442;Rocco;Health Educator;68
1417;Rocco;Bookkeeper;27
1406;Rocco;Biologist;12
1326;Rocco;Clerk;32
1256;Rocco;Health Educator;21
870;Rocco;Business Broker;31
808;Rocco;Lecturer;61
798;Rocco;Fabricator;31
678;Rocco;Cash Manager;22
561;Rocco;Biologist;14
398;Rocco;Lecturer;34
340;Rocco;Steward;49
279;Rocco;Front Desk Coordinator;31
2;Rocco;Ambulatory Nurse;41
2903;Roger;Steward;22
2776;Roger;Pharmacist;43
2690;Roger;Accountant;40
2619;Roger;Software Engineer;12
2087;Roger;Food Technologist;17
2060;Roger;Clerk;67
1858;Roger;Ambulatory Nurse;40
1763;Roger;HR Coordinator;57
1395;Roger;Associate Professor;28
1348;Roger;Paramedic;18
319;Roger;Software Engineer;69
263;Roger;Physician;62
160;Roger;Systems Administrator;56
2985;Ron;Bellman;24
2980;Ron;Software Engineer;15
2800;Ron;Service Supervisor;17
2660;Ron;IT Support Staff;19
2169;Ron;Paramedic;17
2125;Ron;Healthcare Specialist;52
2111;Ron;Service Supervisor;68
1724;Ron;Health Educator;25
1525;Ron;Assistant Buyer;37
1377;Ron;Call Center Representative;45
1311;Ron;Associate Professor;19
1252;Ron;Retail Trainee;39
1044;Ron;Designer;21
722;Ron;Banker;20
59;Ron;Production Painter;45
2847;Ronald;Cashier;67
2054;Ronald;Audiologist;55
2029;Ronald;Insurance Broker;52
760;Ronald;Systems Administrator;24
630;Ronald;Accountant;44
400;Ronald;Biologist;55
354;Ronald;Food Technologist;40
103;Ronald;Banker;31
2200;Rosa;Bookkeeper;66
1263;Rosa;Dentist;16
690;Rosa;Bookkeeper;42
522;Rosa;Investment  Advisor;61
232;Rosa;IT Support Staff;57
2672;Rosalee;IT Support Staff;42
2425;Rosalee;Staffing Consultant;44
1988;Rosalee;Associate Professor;33
1233;Rosalee;Electrician;30
581;Rosalee;HR Specialist;54
2763;Rosalie;CNC Operator;47
2697;Rosalie;Insurance Broker;44
2447;Rosalie;Biologist;69
558;Rosalie;Banker;59
2686;Rosalyn;Pharmacist;61
2512;Rosalyn;Treasurer;69
2088;Rosalyn;Call Center Representative;27
1846;Rosalyn;Dentist;39
167;Rosalyn;Cashier;30
1630;Rosemary;Bookkeeper;51
1563;Rosemary;Auditor;68
1300;Rosemary;Stockbroker;48
905;Rosemary;Healthcare Specialist;64
2359;Rosie;Biologist;66
294;Rosie;Physician;39
1139;Rowan;Electrician;13
735;Rowan;CNC Operator;47
254;Rowan;Investment  Advisor;47
2751;Ruby;Treasurer;44
2230;Ruby;Ambulatory Nurse;25
2159;Ruby;Cash Manager;49
1842;Ruby;Stockbroker;10
1586;Ruby;Designer;63
1114;Ruby;Operator;52
453;Ruby;IT Support Staff;15
389;Ruby;Clerk;57
2815;Rufus;Call Center Representative;19
2814;Rufus;Stockbroker;26
2668;Rufus;Steward;22
2599;Rufus;Food Technologist;57
2172;Rufus;Executive Director;17
1827;Rufus;Treasurer;61
1785;Rufus;Physician;68
1595;Rufus;Biologist;35
1506;Rufus;Clerk;51
1269;Rufus;Loan Officer;56
1123;Rufus;CNC Operator;12
1036;Rufus;Business Broker;64
617;Rufus;Chef Manager;16
446;Rufus;Call Center Representative;36
278;Rufus;Cashier;11
147;Rufus;Biologist;48
2966;Russel;Cook;49
2496;Russel;Cash Manager;46
1963;Russel;Paramedic;39
1603;Russel;Inspector;19
1502;Russel;Insurance Broker;57
1119;Russel;Restaurant Manager;61
1065;Russel;Loan Officer;60
852;Russel;Retail Trainee;29
358;Russel;Chef Manager;41
318;Russel;IT Support Staff;18
1656;Ruth;Food Technologist;49
2587;Ryan;Call Center Representative;68
1890;Ryan;Doctor;54
1657;Ryan;Cash Manager;50
1596;Ryan;Dentist;16
1264;Ryan;Audiologist;44
1242;Ryan;Stockbroker;39
1189;Ryan;Chef Manager;60
1088;Ryan;IT Support Staff;13
938;Ryan;Chef Manager;58
845;Ryan;Call Center Representative;51
590;Ryan;Production Painter;22
410;Ryan;Electrician;23
310;Ryan;Clerk;11
74;Ryan;Mobile Developer;38
2203;Rylee;Loan Officer;20
2123;Rylee;Accountant;39
2107;Rylee;Retail Trainee;25
2074;Rylee;Cashier;69
1811;Rylee;Assistant Buyer;60
1391;Rylee;Clerk;43
2401;Sabina;Electrician;64
1461;Sabina;Bookkeeper;11
1386;Sabina;Front Desk Coordinator;48
934;Sabina;Accountant;62
2024;Sabrina;Designer;23
1342;Sabrina;Pharmacist;28
382;Sabrina;Dentist;48
2880;Sadie;Operator;56
2926;Sage;Mobile Developer;30
2803;Sage;Baker;21
2778;Sage;Bookkeeper;42
2364;Sage;Treasurer;23
1293;Sage;Paramedic;43
1140;Sage;Executive Director;16
2879;Samantha;Stockbroker;60
2573;Samantha;Production Painter;63
1519;Samantha;Biologist;22
1402;Samantha;Health Educator;14
2735;Samara;Auditor;50
1694;Samara;Bookkeeper;22
1613;Samara;Auditor;36
112;Samara;Physician;39
2991;Sara;Bookkeeper;22
2659;Sara;Pharmacist;23
1852;Sara;Dentist;11
864;Sara;Service Supervisor;11
175;Sara;Biologist;14
1750;Sarah;Mobile Developer;56
1500;Sarah;Treasurer;34
523;Sarah;Doctor;48
2078;Sasha;Banker;64
570;Sasha;Insurance Broker;59
543;Sasha;Retail Trainee;35
2476;Savannah;Webmaster;25
1241;Savannah;Stockbroker;36
1155;Savannah;Mobile Developer;64
802;Savannah;Bookkeeper;19
2260;Sebastian;Steward;18
2238;Sebastian;Food Technologist;61
2237;Sebastian;Designer;27
1969;Sebastian;Mobile Developer;36
1450;Sebastian;Associate Professor;56
1255;Sebastian;Fabricator;41
1050;Sebastian;Operator;24
1024;Sebastian;HR Specialist;58
1009;Sebastian;Cash Manager;42
863;Sebastian;IT Support Staff;13
781;Sebastian;Doctor;16
386;Sebastian;Design Engineer;47
251;Sebastian;Machine Operator;47
243;Sebastian;Operator;65
70;Sebastian;Systems Administrator;58
2713;Selena;Food Technologist;41
1685;Selena;Retail Trainee;13
1848;Shannon;Healthcare Specialist;63
1572;Shannon;Bookkeeper;19
1551;Shannon;Treasurer;13
2715;Sharon;Executive Director;48
900;Sharon;Systems Administrator;36
2760;Shay;Investment  Advisor;32
2212;Shay;Chef Manager;12
2025;Shay;Web Developer;41
2006;Shay;Project Manager;21
1341;Shay;CNC Operator;60
1236;Shay;Treasurer;35
746;Shay;Software Engineer;65
2234;Shelby;Restaurant Manager;68
1891;Shelby;Systems Administrator;63
1451;Shelby;Auditor;12
2495;Sienna;Front Desk Coordinator;24
1280;Sienna;Staffing Consultant;33
767;Sienna;HR Coordinator;31
514;Sienna;Audiologist;69
283;Sienna;Electrician;62
2292;Skylar;Stockbroker;58
1136;Skylar;Insurance Broker;63
1111;Skylar;Service Supervisor;18
977;Skylar;Budget Analyst;44
879;Skylar;Food Technologist;41
314;Skylar;Machine Operator;20
96;Skylar;Electrician;37
2015;Sloane;Mobile Developer;24
1245;Sloane;Business Broker;66
579;Sloane;Doctor;17
2940;Sofia;Budget Analyst;22
1446;Sofia;Audiologist;21
1232;Sofia;Retail Trainee;62
2265;Sofie;Doctor;19
2188;Sofie;Inspector;35
2106;Sofie;Accountant;39
1810;Sofie;Cook;41
1445;Sofie;Accountant;28
1284;Sofie;Inspector;61
211;Sofie;Lecturer;25
2962;Sonya;Clerk;64
2536;Sonya;Insurance Broker;63
2460;Sonya;Auditor;25
1726;Sonya;Treasurer;65
1693;Sonya;Dentist;25
1425;Sonya;Systems Administrator;37
1215;Sonya;Service Supervisor;46
766;Sonya;Mobile Developer;12
736;Sonya;Operator;27
1637;Stacy;IT Support Staff;39
501;Stacy;Lecturer;52
88;Stacy;Cash Manager;53
63;Stacy;Lecturer;60
2648;Stella;Loan Officer;38
1605;Stella;Machine Operator;42
946;Stella;Designer;33
399;Stella;Call Center Representative;46
2621;Stephanie;Lecturer;51
2151;Stephanie;Paramedic;37
2096;Stephanie;Auditor;54
964;Stephanie;Stockbroker;47
1937;Summer;Associate Professor;27
1062;Summer;HR Coordinator;21
172;Summer;Machine Operator;62
2997;Susan;Doctor;25
2489;Susan;Clerk;15
2183;Susan;Investment  Advisor;60
1760;Susan;Retail Trainee;49
506;Susan;Webmaster;28
110;Susan;Production Painter;39
2673;Sydney;Associate Professor;26
220;Sydney;Machine Operator;18
2900;Sylvia;Baker;43
733;Sylvia;Audiologist;53
656;Sylvia;Pharmacist;10
1871;Tania;Physician;56
765;Tania;Banker;43
2443;Tara;HR Coordinator;65
660;Tara;Health Educator;39
2677;Taylor;Lecturer;69
2524;Taylor;Cash Manager;11
1994;Taylor;Executive Director;35
1468;Taylor;Loan Officer;39
1389;Taylor;Stockbroker;69
512;Taylor;Clerk;60
427;Taylor;Healthcare Specialist;10
127;Taylor;Machine Operator;61
1475;Teagan;Software Engineer;10
1135;Teagan;Paramedic;44
2777;Tess;Inspector;21
1617;Tess;Restaurant Manager;27
577;Tess;Loan Officer;25
461;Tess;Software Engineer;37
76;Tess;Auditor;41
65;Tess;Healthcare Specialist;27
32;Tess;Retail Trainee;28
2921;Thea;Production Painter;51
2626;Thea;Laboratory Technician;17
2136;Thea;Business Broker;21
2063;Thea;Biologist;22
1498;Thea;Chef Manager;14
919;Thea;Lecturer;47
902;Thea;Doctor;25
286;Thea;Global Logistics Supervisor;39
1090;Tiffany;Insurance Broker;32
2862;Tom;Ambulatory Nurse;68
2572;Tom;Pharmacist;11
2562;Tom;Electrician;51
2211;Tom;Business Broker;35
2081;Tom;Budget Analyst;64
1661;Tom;Dentist;69
1397;Tom;Steward;66
1162;Tom;Audiologist;43
789;Tom;Restaurant Manager;60
783;Tom;Chef Manager;60
481;Tom;Operator;17
480;Tom;Executive Director;12
57;Tom;Mobile Developer;22
2762;Tony;Staffing Consultant;12
2331;Tony;Dentist;55
2122;Tony;HR Coordinator;51
2000;Tony;Clerk;26
1701;Tony;Service Supervisor;54
1011;Tony;Project Manager;12
958;Tony;Chef Manager;28
529;Tony;Software Engineer;63
455;Tony;Systems Administrator;66
224;Tony;Designer;34
20;Tony;Cashier;39
2623;Trisha;Staffing Consultant;54
2328;Trisha;Cashier;67
1915;Trisha;Executive Director;19
2834;Tyler;Treasurer;26
2732;Tyler;Banker;11
2550;Tyler;CNC Operator;23
2542;Tyler;Bookkeeper;31
2528;Tyler;CNC Operator;22
2433;Tyler;Retail Trainee;10
2330;Tyler;HR Specialist;42
2056;Tyler;Webmaster;29
2041;Tyler;Accountant;10
1894;Tyler;Loan Officer;42
1781;Tyler;Lecturer;11
1615;Tyler;Insurance Broker;15
1520;Tyler;HR Specialist;50
1385;Tyler;Restaurant Manager;43
1127;Tyler;Food Technologist;19
1015;Tyler;Restaurant Manager;66
837;Tyler;Cook;27
784;Tyler;Software Engineer;11
758;Tyler;Accountant;22
675;Tyler;Banker;14
324;Tyler;Cashier;35
90;Tyler;Software Engineer;32
2953;Tyson;Accountant;53
2439;Tyson;Project Manager;37
2340;Tyson;Physician;24
2280;Tyson;Pharmacist;28
2167;Tyson;Investment  Advisor;24
1954;Tyson;Inspector;39
1821;Tyson;Cash Manager;11
1757;Tyson;CNC Operator;29
1528;Tyson;Clerk;44
1260;Tyson;Paramedic;47
1174;Tyson;Production Painter;25
993;Tyson;Treasurer;16
793;Tyson;CNC Operator;26
509;Tyson;Design Engineer;11
288;Tyson;Baker;52
60;Tyson;Service Supervisor;41
34;Tyson;Mobile Developer;37
1863;Valentina;Inspector;30
1415;Valentina;Pharmacist;53
1938;Valerie;IT Support Staff;23
1117;Valerie;Operator;47
896;Valerie;Production Painter;31
231;Valerie;Inspector;23
2936;Vanessa;Call Center Representative;23
1625;Vanessa;Biologist;25
1103;Vanessa;Systems Administrator;33
440;Vanessa;Doctor;61
928;Vera;Bellman;38
647;Vera;Clerk;11
635;Vera;Ambulatory Nurse;28
2592;Vicky;Assistant Buyer;38
2538;Vicky;Inspector;61
1095;Vicky;Investment  Advisor;30
873;Vicky;Chef Manager;56
2044;Victoria;Global Logistics Supervisor;61
1998;Victoria;Restaurant Manager;68
1653;Victoria;Paramedic;64
33;Victoria;Cash Manager;16
2917;Violet;Staffing Consultant;34
2220;Violet;Executive Director;56
1282;Violet;HR Coordinator;16
369;Violet;Accountant;45
2472;Vivian;Software Engineer;16
2444;Vivian;Dentist;38
1629;Vivian;Health Educator;14
1197;Vivian;Auditor;52
2965;Wade;Software Engineer;67
2942;Wade;Designer;51
2522;Wade;Chef Manager;40
2506;Wade;Business Broker;14
2503;Wade;Biologist;17
2422;Wade;Service Supervisor;14
2099;Wade;Physician;12
1713;Wade;Stockbroker;31
1623;Wade;Fabricator;14
1620;Wade;Audiologist;17
1074;Wade;Steward;26
1035;Wade;Audiologist;45
619;Wade;Laboratory Technician;54
422;Wade;Health Educator;14
266;Wade;Software Engineer;66
56;Wade;Biologist;39
1271;Wendy;Clerk;35
1235;Wendy;Associate Professor;19
1128;Wendy;Fabricator;48
729;Wendy;Bookkeeper;27
2937;William;Cook;40
2533;William;Laboratory Technician;65
2061;William;Paramedic;17
1975;William;Laboratory Technician;26
1773;William;Healthcare Specialist;38
1651;William;Paramedic;34
1489;William;Insurance Broker;55
1307;William;Electrician;38
1078;William;Audiologist;23
961;William;Inspector;15
637;William;Steward;61
372;William;IT Support Staff;36
329;William;Production Painter;49
323;William;Clerk;23
290;William;HR Coordinator;45
2355;Willow;Production Painter;18
1404;Willow;Global Logistics Supervisor;27
1355;Willow;Physician;45
664;Willow;Retail Trainee;25
470;Willow;Retail Trainee;18
412;Willow;Clerk;64
401;Willow;IT Support Staff;65
2927;Winnie;Investment  Advisor;17
2409;Winnie;Webmaster;23
1850;Winnie;Mobile Developer;42
967;Winnie;Assistant Buyer;60
653;Winnie;Bookkeeper;21
614;Winnie;Fabricator;37
135;Winnie;Service Supervisor;14
1666;Zara;Design Engineer;21
2603;Zoe;Mobile Developer;69
2416;Zoe;Paramedic;19
598;Zoe;Doctor;14
